<?xml version="1.0"?>
<doc>
    <assembly>
        <name>DevilDaggersAssetEditor</name>
    </assembly>
    <members>
        <member name="F:DevilDaggersAssetEditor.Binaries.BinaryHandler.HeaderSize">
            <summary>
            The header consists of three 32-bit integers (Magic1, Magic2, and TocBufferSize), which is 12 bytes.
            </summary>
        </member>
        <member name="M:DevilDaggersAssetEditor.Binaries.BinaryHandler.MakeBinary(System.Collections.Generic.List{DevilDaggersAssetEditor.Assets.AbstractAsset},System.String,DevilDaggersAssetEditor.Progress.ProgressWrapper)">
            <summary>
            Inserts multiple asset files into one binary file that can be read by Devil Daggers.
            </summary>
            <param name="allAssets">The list of asset objects.</param>
            <param name="outputPath">The path where the binary file will be placed.</param>
            <param name="progress">The progress wrapper to report progress to.</param>
        </member>
        <member name="M:DevilDaggersAssetEditor.Binaries.BinaryHandler.ExtractBinary(System.String,System.String,DevilDaggersAssetEditor.Progress.ProgressWrapper)">
            <summary>
            Extracts a binary file into multiple asset files.
            </summary>
            <param name="inputPath">The binary file path.</param>
            <param name="outputPath">The path where the extracted asset files will be placed.</param>
            <param name="progress">The progress wrapper to report progress to.</param>
        </member>
        <member name="M:DevilDaggersAssetEditor.Binaries.Chunks.TextureChunk.ResizeImage(System.Drawing.Image,System.Int32,System.Int32)">
            <summary>
            Resize the image to the specified width and height.
            </summary>
            <param name="image">The image to resize.</param>
            <param name="width">The width to resize to.</param>
            <param name="height">The height to resize to.</param>
            <returns>The resized image.</returns>
        </member>
    </members>
</doc>
