<?xml version="1.0"?>
<doc>
    <assembly>
        <name>DevilDaggersAssetEditor</name>
    </assembly>
    <members>
        <member name="F:DevilDaggersAssetEditor.BinaryFileHandlers.ParticleFileHandler.HeaderSize">
            <summary>
            uint magic, uint particle amount = 8 bytes.
            </summary>
        </member>
        <member name="F:DevilDaggersAssetEditor.BinaryFileHandlers.ResourceFileHandler.HeaderSize">
            <summary>
            uint magic1, uint magic2, uint tocBufferSize = 12 bytes.
            </summary>
        </member>
        <member name="M:DevilDaggersAssetEditor.BinaryFileHandlers.ResourceFileHandler.MakeBinary(System.Collections.Generic.List{DevilDaggersAssetEditor.Assets.AbstractAsset},System.String,DevilDaggersAssetEditor.BinaryFileHandlers.ProgressWrapper)">
            <summary>
            Inserts multiple asset files into one binary file that can be read by Devil Daggers.
            </summary>
            <param name="allAssets">The list of asset objects.</param>
            <param name="outputPath">The path where the binary file will be placed.</param>
            <param name="progress">The progress wrapper to report progress to.</param>
        </member>
        <member name="M:DevilDaggersAssetEditor.BinaryFileHandlers.ResourceFileHandler.ExtractBinary(System.String,System.String,DevilDaggersAssetEditor.BinaryFileHandlers.ProgressWrapper)">
            <summary>
            Extracts a binary file into multiple asset files.
            </summary>
            <param name="inputPath">The binary file path.</param>
            <param name="outputPath">The path where the extracted asset files will be placed.</param>
            <param name="progress">The progress wrapper to report progress to.</param>
        </member>
        <member name="M:DevilDaggersAssetEditor.Chunks.TextureChunk.ResizeImage(System.Drawing.Image,System.Int32,System.Int32)">
            <summary>
            Resize the image to the specified width and height.
            </summary>
            <param name="image">The image to resize.</param>
            <param name="width">The width to resize to.</param>
            <param name="height">The height to resize to.</param>
            <returns>The resized image.</returns>
        </member>
        <member name="M:DevilDaggersAssetEditor.Utils.BinaryUtils.ReadNullTerminatedString(System.Byte[],System.Int32)">
            <summary>
            Reads a null terminated string from a buffer and returns it as a string object (excluding the null terminator itself).
            </summary>
            <param name="buffer">The buffer to read from.</param>
            <param name="offset">The starting offset to start reading from within the buffer.</param>
            <returns>The null terminated string.</returns>
        </member>
        <member name="M:DevilDaggersAssetEditor.Utils.ModFileUtils.CreateModFileFromPath(System.String)">
            <summary>
            Creates a mod file based on the assets found in the directory specified by <paramref name="path"/> and places it inside that directory.
            </summary>
        </member>
    </members>
</doc>
