<?xml version="1.0"?>
<doc>
    <assembly>
        <name>DevilDaggersSurvivalEditor</name>
    </assembly>
    <members>
        <member name="T:DevilDaggersSurvivalEditor.App">
            <summary>
            App
            </summary>
        </member>
        <member name="M:DevilDaggersSurvivalEditor.App.ShowError(System.String,System.String,System.Exception)">
            <summary>
            Shows the error using the <see cref="T:DevilDaggersSurvivalEditor.Gui.Windows.ErrorWindow">ErrorWindow</see> and logs the error message (and <see cref="T:System.Exception">Exception</see> if there is one).
            </summary>
        </member>
        <member name="M:DevilDaggersSurvivalEditor.App.InitializeComponent">
            <summary>
            InitializeComponent
            </summary>
        </member>
        <member name="M:DevilDaggersSurvivalEditor.App.Main">
            <summary>
            Application Entry Point.
            </summary>
        </member>
        <member name="T:DevilDaggersSurvivalEditor.Code.Arena.ArenaCoord">
            <summary>
            Provides a simple structure containing a read-only integer coordinate that is specific to the arena.
            This struct should not be used for arena indexing (hence why there is no tile height property), as coordinates are useless in that case.
            Indexing is done explicitly using a two-dimensional array of floats, so use this struct for GUI-related tasks only.
            </summary>
        </member>
        <member name="T:DevilDaggersSurvivalEditor.Code.Arena.ArenaPresetHandler">
            <summary>
            Singleton class to create all arena presets automatically through reflection and keep them in memory rather than re-instantiating them every time so their settings are remembered.
            </summary>
        </member>
        <member name="M:DevilDaggersSurvivalEditor.Code.Clients.DevilDaggersInfoApiClient.CustomLeaderboards_GetCustomLeaderboardsAsync(System.Threading.CancellationToken)">
            <param name="cancellationToken">A cancellation token that can be used by other objects or threads to receive notice of cancellation.</param>
            <exception cref="T:DevilDaggersSurvivalEditor.Code.Clients.DevilDaggersInfoApiException">A server side error occurred.</exception>
        </member>
        <member name="M:DevilDaggersSurvivalEditor.Code.Clients.DevilDaggersInfoApiClient.CustomLeaderboards_UploadScoreAsync(DevilDaggersSurvivalEditor.Code.Clients.UploadRequest,System.Threading.CancellationToken)">
            <param name="cancellationToken">A cancellation token that can be used by other objects or threads to receive notice of cancellation.</param>
            <exception cref="T:DevilDaggersSurvivalEditor.Code.Clients.DevilDaggersInfoApiException">A server side error occurred.</exception>
        </member>
        <member name="M:DevilDaggersSurvivalEditor.Code.Clients.DevilDaggersInfoApiClient.Daggers_GetDaggersAsync(System.Threading.CancellationToken)">
            <param name="cancellationToken">A cancellation token that can be used by other objects or threads to receive notice of cancellation.</param>
            <exception cref="T:DevilDaggersSurvivalEditor.Code.Clients.DevilDaggersInfoApiException">A server side error occurred.</exception>
        </member>
        <member name="M:DevilDaggersSurvivalEditor.Code.Clients.DevilDaggersInfoApiClient.Daggers_GetDaggerAtSecondsAsync(System.Nullable{System.Int32},System.Threading.CancellationToken)">
            <param name="cancellationToken">A cancellation token that can be used by other objects or threads to receive notice of cancellation.</param>
            <exception cref="T:DevilDaggersSurvivalEditor.Code.Clients.DevilDaggersInfoApiException">A server side error occurred.</exception>
        </member>
        <member name="M:DevilDaggersSurvivalEditor.Code.Clients.DevilDaggersInfoApiClient.Deaths_GetDeathsAsync(System.Nullable{DevilDaggersSurvivalEditor.Code.Clients.GameVersion},System.String,System.Nullable{System.Byte},System.Threading.CancellationToken)">
            <param name="cancellationToken">A cancellation token that can be used by other objects or threads to receive notice of cancellation.</param>
            <exception cref="T:DevilDaggersSurvivalEditor.Code.Clients.DevilDaggersInfoApiException">A server side error occurred.</exception>
        </member>
        <member name="M:DevilDaggersSurvivalEditor.Code.Clients.DevilDaggersInfoApiClient.Enemies_GetEnemiesAsync(System.Nullable{DevilDaggersSurvivalEditor.Code.Clients.GameVersion},System.String,System.Nullable{System.Byte},System.Threading.CancellationToken)">
            <param name="cancellationToken">A cancellation token that can be used by other objects or threads to receive notice of cancellation.</param>
            <exception cref="T:DevilDaggersSurvivalEditor.Code.Clients.DevilDaggersInfoApiException">A server side error occurred.</exception>
        </member>
        <member name="M:DevilDaggersSurvivalEditor.Code.Clients.DevilDaggersInfoApiClient.GameVersions_GetGameVersionReleaseDateAsync(DevilDaggersSurvivalEditor.Code.Clients.GameVersion,System.Threading.CancellationToken)">
            <param name="cancellationToken">A cancellation token that can be used by other objects or threads to receive notice of cancellation.</param>
            <exception cref="T:DevilDaggersSurvivalEditor.Code.Clients.DevilDaggersInfoApiException">A server side error occurred.</exception>
        </member>
        <member name="M:DevilDaggersSurvivalEditor.Code.Clients.DevilDaggersInfoApiClient.GameVersions_GetGameVersionAtDateAsync(System.Nullable{System.DateTimeOffset},System.Threading.CancellationToken)">
            <param name="cancellationToken">A cancellation token that can be used by other objects or threads to receive notice of cancellation.</param>
            <exception cref="T:DevilDaggersSurvivalEditor.Code.Clients.DevilDaggersInfoApiException">A server side error occurred.</exception>
        </member>
        <member name="M:DevilDaggersSurvivalEditor.Code.Clients.DevilDaggersInfoApiClient.LeaderboardHistory_GetUserProgressionByIdAsync(System.Nullable{System.Int32},System.Threading.CancellationToken)">
            <param name="cancellationToken">A cancellation token that can be used by other objects or threads to receive notice of cancellation.</param>
            <exception cref="T:DevilDaggersSurvivalEditor.Code.Clients.DevilDaggersInfoApiException">A server side error occurred.</exception>
        </member>
        <member name="M:DevilDaggersSurvivalEditor.Code.Clients.DevilDaggersInfoApiClient.LeaderboardHistory_GetWorldRecordsAsync(System.Nullable{System.DateTimeOffset},System.Threading.CancellationToken)">
            <param name="cancellationToken">A cancellation token that can be used by other objects or threads to receive notice of cancellation.</param>
            <exception cref="T:DevilDaggersSurvivalEditor.Code.Clients.DevilDaggersInfoApiException">A server side error occurred.</exception>
        </member>
        <member name="M:DevilDaggersSurvivalEditor.Code.Clients.DevilDaggersInfoApiClient.LeaderboardHistory_GetLatestDatePlayedAsync(System.Nullable{System.Int32},System.Threading.CancellationToken)">
            <param name="cancellationToken">A cancellation token that can be used by other objects or threads to receive notice of cancellation.</param>
            <exception cref="T:DevilDaggersSurvivalEditor.Code.Clients.DevilDaggersInfoApiException">A server side error occurred.</exception>
        </member>
        <member name="M:DevilDaggersSurvivalEditor.Code.Clients.DevilDaggersInfoApiClient.LeaderboardHistory_GetUserActivityAsync(System.Nullable{System.Int32},System.Threading.CancellationToken)">
            <param name="cancellationToken">A cancellation token that can be used by other objects or threads to receive notice of cancellation.</param>
            <exception cref="T:DevilDaggersSurvivalEditor.Code.Clients.DevilDaggersInfoApiException">A server side error occurred.</exception>
        </member>
        <member name="M:DevilDaggersSurvivalEditor.Code.Clients.DevilDaggersInfoApiClient.Leaderboards_GetLeaderboardAsync(System.Nullable{System.Int32},System.Threading.CancellationToken)">
            <param name="cancellationToken">A cancellation token that can be used by other objects or threads to receive notice of cancellation.</param>
            <exception cref="T:DevilDaggersSurvivalEditor.Code.Clients.DevilDaggersInfoApiException">A server side error occurred.</exception>
        </member>
        <member name="M:DevilDaggersSurvivalEditor.Code.Clients.DevilDaggersInfoApiClient.Leaderboards_GetUserByIdAsync(System.Nullable{System.Int32},System.Threading.CancellationToken)">
            <param name="cancellationToken">A cancellation token that can be used by other objects or threads to receive notice of cancellation.</param>
            <exception cref="T:DevilDaggersSurvivalEditor.Code.Clients.DevilDaggersInfoApiException">A server side error occurred.</exception>
        </member>
        <member name="M:DevilDaggersSurvivalEditor.Code.Clients.DevilDaggersInfoApiClient.Leaderboards_GetUserByUsernameAsync(System.String,System.Threading.CancellationToken)">
            <param name="cancellationToken">A cancellation token that can be used by other objects or threads to receive notice of cancellation.</param>
            <exception cref="T:DevilDaggersSurvivalEditor.Code.Clients.DevilDaggersInfoApiException">A server side error occurred.</exception>
        </member>
        <member name="M:DevilDaggersSurvivalEditor.Code.Clients.DevilDaggersInfoApiClient.Leaderboards_GetUserByRankAsync(System.Nullable{System.Int32},System.Threading.CancellationToken)">
            <param name="cancellationToken">A cancellation token that can be used by other objects or threads to receive notice of cancellation.</param>
            <exception cref="T:DevilDaggersSurvivalEditor.Code.Clients.DevilDaggersInfoApiException">A server side error occurred.</exception>
        </member>
        <member name="M:DevilDaggersSurvivalEditor.Code.Clients.DevilDaggersInfoApiClient.Spawnsets_GetSpawnsetsAsync(System.String,System.String,System.Threading.CancellationToken)">
            <param name="cancellationToken">A cancellation token that can be used by other objects or threads to receive notice of cancellation.</param>
            <exception cref="T:DevilDaggersSurvivalEditor.Code.Clients.DevilDaggersInfoApiException">A server side error occurred.</exception>
        </member>
        <member name="M:DevilDaggersSurvivalEditor.Code.Clients.DevilDaggersInfoApiClient.Spawnsets_GetSpawnsetFileAsync(System.String,System.Threading.CancellationToken)">
            <param name="cancellationToken">A cancellation token that can be used by other objects or threads to receive notice of cancellation.</param>
            <exception cref="T:DevilDaggersSurvivalEditor.Code.Clients.DevilDaggersInfoApiException">A server side error occurred.</exception>
        </member>
        <member name="M:DevilDaggersSurvivalEditor.Code.Clients.DevilDaggersInfoApiClient.Tools_GetToolsAsync(System.String,System.Threading.CancellationToken)">
            <param name="cancellationToken">A cancellation token that can be used by other objects or threads to receive notice of cancellation.</param>
            <exception cref="T:DevilDaggersSurvivalEditor.Code.Clients.DevilDaggersInfoApiException">A server side error occurred.</exception>
        </member>
        <member name="M:DevilDaggersSurvivalEditor.Code.Clients.DevilDaggersInfoApiClient.Tools_GetToolFileAsync(System.String,System.Threading.CancellationToken)">
            <param name="cancellationToken">A cancellation token that can be used by other objects or threads to receive notice of cancellation.</param>
            <exception cref="T:DevilDaggersSurvivalEditor.Code.Clients.DevilDaggersInfoApiException">A server side error occurred.</exception>
        </member>
        <member name="M:DevilDaggersSurvivalEditor.Code.Clients.DevilDaggersInfoApiClient.Website_GetStatsAsync(System.Threading.CancellationToken)">
            <param name="cancellationToken">A cancellation token that can be used by other objects or threads to receive notice of cancellation.</param>
            <exception cref="T:DevilDaggersSurvivalEditor.Code.Clients.DevilDaggersInfoApiException">A server side error occurred.</exception>
        </member>
        <member name="P:DevilDaggersSurvivalEditor.Code.Clients.Leaderboard.DateTime">
            <summary>Represents the UTC date and time when the leaderboard was fetched.</summary>
        </member>
        <member name="P:DevilDaggersSurvivalEditor.Code.Clients.Tool.VersionNumber">
            <summary>Indicates the current version of the tool on the website.</summary>
        </member>
        <member name="P:DevilDaggersSurvivalEditor.Code.Clients.Tool.VersionNumberRequired">
            <summary>Indicates the oldest version of the tool which is still fully compatible with the website.</summary>
        </member>
        <member name="M:DevilDaggersSurvivalEditor.Code.UserInterfaceUtils.GetPerceivedBrightness(System.Windows.Media.Color)">
            <summary>
            Returns an integer between 0 and 255 representing the perceived brightness of the color.
            </summary>
            <param name="c">The color.</param>
            <returns>The perceived brightness between 0 and 255.</returns>
        </member>
        <member name="T:DevilDaggersSurvivalEditor.Gui.UserControls.EndLoopPreviewUserControl">
            <summary>
            EndLoopPreviewUserControl
            </summary>
        </member>
        <member name="M:DevilDaggersSurvivalEditor.Gui.UserControls.EndLoopPreviewUserControl.InitializeComponent">
            <summary>
            InitializeComponent
            </summary>
        </member>
        <member name="T:DevilDaggersSurvivalEditor.Gui.UserControls.EndLoopSpawnUserControl">
            <summary>
            EndLoopSpawnUserControl
            </summary>
        </member>
        <member name="M:DevilDaggersSurvivalEditor.Gui.UserControls.EndLoopSpawnUserControl.InitializeComponent">
            <summary>
            InitializeComponent
            </summary>
        </member>
        <member name="T:DevilDaggersSurvivalEditor.Gui.UserControls.MenuBarUserControl">
            <summary>
            MenuBarUserControl
            </summary>
        </member>
        <member name="M:DevilDaggersSurvivalEditor.Gui.UserControls.MenuBarUserControl.InitializeComponent">
            <summary>
            InitializeComponent
            </summary>
        </member>
        <member name="T:DevilDaggersSurvivalEditor.Gui.UserControls.SpawnUserControl">
            <summary>
            SpawnUserControl
            </summary>
        </member>
        <member name="M:DevilDaggersSurvivalEditor.Gui.UserControls.SpawnUserControl.InitializeComponent">
            <summary>
            InitializeComponent
            </summary>
        </member>
        <member name="T:DevilDaggersSurvivalEditor.Gui.UserControls.SpawnsetArenaUserControl">
            <summary>
            SpawnsetArenaUserControl
            </summary>
        </member>
        <member name="M:DevilDaggersSurvivalEditor.Gui.UserControls.SpawnsetArenaUserControl.InitializeComponent">
            <summary>
            InitializeComponent
            </summary>
        </member>
        <member name="T:DevilDaggersSurvivalEditor.Gui.UserControls.SpawnsetSpawnsUserControl">
            <summary>
            SpawnsetSpawnsUserControl
            </summary>
        </member>
        <member name="M:DevilDaggersSurvivalEditor.Gui.UserControls.SpawnsetSpawnsUserControl.InitializeComponent">
            <summary>
            InitializeComponent
            </summary>
        </member>
        <member name="T:DevilDaggersSurvivalEditor.Gui.Windows.AboutWindow">
            <summary>
            AboutWindow
            </summary>
        </member>
        <member name="M:DevilDaggersSurvivalEditor.Gui.Windows.AboutWindow.InitializeComponent">
            <summary>
            InitializeComponent
            </summary>
        </member>
        <member name="T:DevilDaggersSurvivalEditor.Gui.Windows.ArenaPresetWindow">
            <summary>
            ArenaPresetWindow
            </summary>
        </member>
        <member name="M:DevilDaggersSurvivalEditor.Gui.Windows.ArenaPresetWindow.InitializeComponent">
            <summary>
            InitializeComponent
            </summary>
        </member>
        <member name="T:DevilDaggersSurvivalEditor.Gui.Windows.ChangelogWindow">
            <summary>
            ChangelogWindow
            </summary>
        </member>
        <member name="M:DevilDaggersSurvivalEditor.Gui.Windows.ChangelogWindow.InitializeComponent">
            <summary>
            InitializeComponent
            </summary>
        </member>
        <member name="T:DevilDaggersSurvivalEditor.Gui.Windows.CheckingForUpdatesWindow">
            <summary>
            CheckingForUpdatesWindow
            </summary>
        </member>
        <member name="M:DevilDaggersSurvivalEditor.Gui.Windows.CheckingForUpdatesWindow.InitializeComponent">
            <summary>
            InitializeComponent
            </summary>
        </member>
        <member name="T:DevilDaggersSurvivalEditor.Gui.Windows.ConfirmWindow">
            <summary>
            ConfirmWindow
            </summary>
        </member>
        <member name="M:DevilDaggersSurvivalEditor.Gui.Windows.ConfirmWindow.InitializeComponent">
            <summary>
            InitializeComponent
            </summary>
        </member>
        <member name="T:DevilDaggersSurvivalEditor.Gui.Windows.DownloadSpawnsetWindow">
            <summary>
            DownloadSpawnsetWindow
            </summary>
        </member>
        <member name="M:DevilDaggersSurvivalEditor.Gui.Windows.DownloadSpawnsetWindow.InitializeComponent">
            <summary>
            InitializeComponent
            </summary>
        </member>
        <member name="T:DevilDaggersSurvivalEditor.Gui.Windows.ErrorWindow">
            <summary>
            ErrorWindow
            </summary>
        </member>
        <member name="M:DevilDaggersSurvivalEditor.Gui.Windows.ErrorWindow.InitializeComponent">
            <summary>
            InitializeComponent
            </summary>
        </member>
        <member name="T:DevilDaggersSurvivalEditor.Gui.Windows.HelpWindow">
            <summary>
            HelpWindow
            </summary>
        </member>
        <member name="M:DevilDaggersSurvivalEditor.Gui.Windows.HelpWindow.InitializeComponent">
            <summary>
            InitializeComponent
            </summary>
        </member>
        <member name="T:DevilDaggersSurvivalEditor.Gui.Windows.LoadingWindow">
            <summary>
            LoadingWindow
            </summary>
        </member>
        <member name="M:DevilDaggersSurvivalEditor.Gui.Windows.LoadingWindow.InitializeComponent">
            <summary>
            InitializeComponent
            </summary>
        </member>
        <member name="T:DevilDaggersSurvivalEditor.Gui.Windows.MainWindow">
            <summary>
            MainWindow
            </summary>
        </member>
        <member name="M:DevilDaggersSurvivalEditor.Gui.Windows.MainWindow.InitializeComponent">
            <summary>
            InitializeComponent
            </summary>
        </member>
        <member name="T:DevilDaggersSurvivalEditor.Gui.Windows.MessageWindow">
            <summary>
            MessageWindow
            </summary>
        </member>
        <member name="M:DevilDaggersSurvivalEditor.Gui.Windows.MessageWindow.InitializeComponent">
            <summary>
            InitializeComponent
            </summary>
        </member>
        <member name="T:DevilDaggersSurvivalEditor.Gui.Windows.ModifySpawnDelayWindow">
            <summary>
            ModifySpawnDelayWindow
            </summary>
        </member>
        <member name="M:DevilDaggersSurvivalEditor.Gui.Windows.ModifySpawnDelayWindow.InitializeComponent">
            <summary>
            InitializeComponent
            </summary>
        </member>
        <member name="T:DevilDaggersSurvivalEditor.Gui.Windows.SetTileHeightWindow">
            <summary>
            SetTileHeightWindow
            </summary>
        </member>
        <member name="M:DevilDaggersSurvivalEditor.Gui.Windows.SetTileHeightWindow.InitializeComponent">
            <summary>
            InitializeComponent
            </summary>
        </member>
        <member name="T:DevilDaggersSurvivalEditor.Gui.Windows.SettingsWindow">
            <summary>
            SettingsWindow
            </summary>
        </member>
        <member name="M:DevilDaggersSurvivalEditor.Gui.Windows.SettingsWindow.InitializeComponent">
            <summary>
            InitializeComponent
            </summary>
        </member>
        <member name="T:DevilDaggersSurvivalEditor.Gui.Windows.SwitchEnemyTypeWindow">
            <summary>
            SwitchEnemyTypeWindow
            </summary>
        </member>
        <member name="M:DevilDaggersSurvivalEditor.Gui.Windows.SwitchEnemyTypeWindow.InitializeComponent">
            <summary>
            InitializeComponent
            </summary>
        </member>
        <member name="T:DevilDaggersSurvivalEditor.Gui.Windows.UpdateRecommendedWindow">
            <summary>
            UpdateRecommendedWindow
            </summary>
        </member>
        <member name="M:DevilDaggersSurvivalEditor.Gui.Windows.UpdateRecommendedWindow.InitializeComponent">
            <summary>
            InitializeComponent
            </summary>
        </member>
        <member name="T:DevilDaggersSurvivalEditor.Properties.Resources">
            <summary>
              A strongly-typed resource class, for looking up localized strings, etc.
            </summary>
        </member>
        <member name="P:DevilDaggersSurvivalEditor.Properties.Resources.ResourceManager">
            <summary>
              Returns the cached ResourceManager instance used by this class.
            </summary>
        </member>
        <member name="P:DevilDaggersSurvivalEditor.Properties.Resources.Culture">
            <summary>
              Overrides the current thread's CurrentUICulture property for all
              resource lookups using this strongly typed resource class.
            </summary>
        </member>
        <member name="T:XamlGeneratedNamespace.GeneratedInternalTypeHelper">
            <summary>
            GeneratedInternalTypeHelper
            </summary>
        </member>
        <member name="M:XamlGeneratedNamespace.GeneratedInternalTypeHelper.CreateInstance(System.Type,System.Globalization.CultureInfo)">
            <summary>
            CreateInstance
            </summary>
        </member>
        <member name="M:XamlGeneratedNamespace.GeneratedInternalTypeHelper.GetPropertyValue(System.Reflection.PropertyInfo,System.Object,System.Globalization.CultureInfo)">
            <summary>
            GetPropertyValue
            </summary>
        </member>
        <member name="M:XamlGeneratedNamespace.GeneratedInternalTypeHelper.SetPropertyValue(System.Reflection.PropertyInfo,System.Object,System.Object,System.Globalization.CultureInfo)">
            <summary>
            SetPropertyValue
            </summary>
        </member>
        <member name="M:XamlGeneratedNamespace.GeneratedInternalTypeHelper.CreateDelegate(System.Type,System.Object,System.String)">
            <summary>
            CreateDelegate
            </summary>
        </member>
        <member name="M:XamlGeneratedNamespace.GeneratedInternalTypeHelper.AddEventHandler(System.Reflection.EventInfo,System.Object,System.Delegate)">
            <summary>
            AddEventHandler
            </summary>
        </member>
    </members>
</doc>
