<?xml version="1.0"?>
<doc>
    <assembly>
        <name>DevilDaggersAssetCore</name>
    </assembly>
    <members>
        <member name="F:DevilDaggersAssetCore.BinaryFileHandlers.ParticleFileHandler.HeaderSize">
            <summary>
            uint magic, uint particle amount = 8 bytes
            </summary>
        </member>
        <member name="F:DevilDaggersAssetCore.BinaryFileHandlers.ResourceFileHandler.HeaderSize">
            <summary>
            uint magic1, uint magic2, uint tocBufferSize = 12 bytes
            </summary>
        </member>
        <member name="M:DevilDaggersAssetCore.BinaryFileHandlers.ResourceFileHandler.MakeBinary(System.Collections.Generic.List{DevilDaggersAssetCore.Assets.AbstractAsset},System.String,System.Progress{System.Single},System.Progress{System.String})">
            <summary>
            Inserts multiple asset files into one binary file that can be read by Devil Daggers.
            </summary>
            <param name="allAssets">The list of asset objects.</param>
            <param name="outputPath">The path where the binary file will be placed.</param>
        </member>
        <member name="M:DevilDaggersAssetCore.BinaryFileHandlers.ResourceFileHandler.ExtractBinary(System.String,System.String,DevilDaggersAssetCore.BinaryFileType,System.Progress{System.Single},System.Progress{System.String})">
            <summary>
            Extracts a binary file into multiple asset files.
            </summary>
            <param name="inputPath">The binary file path.</param>
            <param name="outputPath">The path where the extracted asset files will be placed.</param>
            <param name="binaryFileType">The binary file type of the file that's being extracted. This is only used for saving the mod file.</param>
            <param name="progress">The progress as percentage.</param>
            <param name="progressDescription">The progress description displayed in the progress window.</param>
        </member>
        <member name="T:DevilDaggersAssetCore.Chunks.ShaderChunk">
            <summary>
            Internal structure of a shader chunk:
            - <see cref="T:DevilDaggersAssetCore.Headers.ShaderHeader">Header</see> (to specify chunk name length, vertex buffer size, fragment buffer size)
            - Chunk name
            - Vertex buffer
            - Fragment buffer
            </summary>
        </member>
        <member name="M:DevilDaggersAssetCore.Chunks.TextureChunk.ResizeImage(System.Drawing.Image,System.Int32,System.Int32)">
            <summary>
            Resize the image to the specified width and height.
            </summary>
            <param name="image">The image to resize.</param>
            <param name="width">The width to resize to.</param>
            <param name="height">The height to resize to.</param>
            <returns>The resized image.</returns>
        </member>
        <member name="P:DevilDaggersAssetCore.Headers.TextureHeader.MipmapCount">
            <summary>
            Texture mipmap count can be calculated by performing binary logarithm (Log2n) on the smallest dimension of the image, increasing the result by 1, and then casting it to a byte (which is essentially equivalent to Math.Floor).
            For instance for an image with a resolution of 256x64:
            Math.Log(64, 2) + 1 = 7 mipmaps
            </summary>
        </member>
        <member name="M:DevilDaggersAssetCore.Utils.ReadNullTerminatedString(System.Byte[],System.Int32)">
            <summary>
            Reads a null terminated string from a buffer and returns it as a string object (excluding the null terminator itself).
            </summary>
            <param name="buffer">The buffer to read from.</param>
            <param name="offset">The starting offset to start reading from within the buffer.</param>
            <returns>The null terminated string.</returns>
        </member>
    </members>
</doc>
