<?xml version="1.0"?>
<doc>
    <assembly>
        <name>DevilDaggersCustomLeaderboards</name>
    </assembly>
    <members>
        <member name="M:DevilDaggersCustomLeaderboards.Clients.DevilDaggersInfoApiClient.Assets_GetAssetInfoAsync(System.Threading.CancellationToken)">
            <param name="cancellationToken">A cancellation token that can be used by other objects or threads to receive notice of cancellation.</param>
            <exception cref="T:DevilDaggersCustomLeaderboards.Clients.DevilDaggersInfoApiException">A server side error occurred.</exception>
        </member>
        <member name="M:DevilDaggersCustomLeaderboards.Clients.DevilDaggersInfoApiClient.CustomEntries_SubmitScoreAsync(DevilDaggersCustomLeaderboards.Clients.UploadRequest,System.Threading.CancellationToken)">
            <param name="cancellationToken">A cancellation token that can be used by other objects or threads to receive notice of cancellation.</param>
            <exception cref="T:DevilDaggersCustomLeaderboards.Clients.DevilDaggersInfoApiException">A server side error occurred.</exception>
        </member>
        <member name="M:DevilDaggersCustomLeaderboards.Clients.DevilDaggersInfoApiClient.CustomLeaderboards_GetCustomLeaderboardsAsync(System.Threading.CancellationToken)">
            <param name="cancellationToken">A cancellation token that can be used by other objects or threads to receive notice of cancellation.</param>
            <exception cref="T:DevilDaggersCustomLeaderboards.Clients.DevilDaggersInfoApiException">A server side error occurred.</exception>
        </member>
        <member name="M:DevilDaggersCustomLeaderboards.Clients.DevilDaggersInfoApiClient.CustomLeaderboards_GetCustomLeaderboardAsync(System.Int32,System.Threading.CancellationToken)">
            <param name="cancellationToken">A cancellation token that can be used by other objects or threads to receive notice of cancellation.</param>
            <exception cref="T:DevilDaggersCustomLeaderboards.Clients.DevilDaggersInfoApiException">A server side error occurred.</exception>
        </member>
        <member name="M:DevilDaggersCustomLeaderboards.Clients.DevilDaggersInfoApiClient.Daggers_GetDaggersAsync(System.Threading.CancellationToken)">
            <param name="cancellationToken">A cancellation token that can be used by other objects or threads to receive notice of cancellation.</param>
            <exception cref="T:DevilDaggersCustomLeaderboards.Clients.DevilDaggersInfoApiException">A server side error occurred.</exception>
        </member>
        <member name="M:DevilDaggersCustomLeaderboards.Clients.DevilDaggersInfoApiClient.Daggers_GetDaggerAtSecondsAsync(System.Nullable{System.Int32},System.Threading.CancellationToken)">
            <param name="cancellationToken">A cancellation token that can be used by other objects or threads to receive notice of cancellation.</param>
            <exception cref="T:DevilDaggersCustomLeaderboards.Clients.DevilDaggersInfoApiException">A server side error occurred.</exception>
        </member>
        <member name="M:DevilDaggersCustomLeaderboards.Clients.DevilDaggersInfoApiClient.Deaths_GetDeathsAsync(System.Nullable{DevilDaggersCustomLeaderboards.Clients.GameVersion},System.String,System.Nullable{System.Byte},System.Threading.CancellationToken)">
            <param name="cancellationToken">A cancellation token that can be used by other objects or threads to receive notice of cancellation.</param>
            <exception cref="T:DevilDaggersCustomLeaderboards.Clients.DevilDaggersInfoApiException">A server side error occurred.</exception>
        </member>
        <member name="M:DevilDaggersCustomLeaderboards.Clients.DevilDaggersInfoApiClient.Enemies_GetEnemiesAsync(System.Nullable{DevilDaggersCustomLeaderboards.Clients.GameVersion},System.String,System.Nullable{System.Byte},System.Threading.CancellationToken)">
            <param name="cancellationToken">A cancellation token that can be used by other objects or threads to receive notice of cancellation.</param>
            <exception cref="T:DevilDaggersCustomLeaderboards.Clients.DevilDaggersInfoApiException">A server side error occurred.</exception>
        </member>
        <member name="M:DevilDaggersCustomLeaderboards.Clients.DevilDaggersInfoApiClient.GameVersions_GetGameVersionReleaseDateAsync(DevilDaggersCustomLeaderboards.Clients.GameVersion,System.Threading.CancellationToken)">
            <param name="cancellationToken">A cancellation token that can be used by other objects or threads to receive notice of cancellation.</param>
            <exception cref="T:DevilDaggersCustomLeaderboards.Clients.DevilDaggersInfoApiException">A server side error occurred.</exception>
        </member>
        <member name="M:DevilDaggersCustomLeaderboards.Clients.DevilDaggersInfoApiClient.GameVersions_GetGameVersionAtDateAsync(System.Nullable{System.DateTime},System.Threading.CancellationToken)">
            <param name="cancellationToken">A cancellation token that can be used by other objects or threads to receive notice of cancellation.</param>
            <exception cref="T:DevilDaggersCustomLeaderboards.Clients.DevilDaggersInfoApiException">A server side error occurred.</exception>
        </member>
        <member name="M:DevilDaggersCustomLeaderboards.Clients.DevilDaggersInfoApiClient.LeaderboardHistory_GetUserProgressionByIdAsync(System.Nullable{System.Int32},System.Threading.CancellationToken)">
            <param name="cancellationToken">A cancellation token that can be used by other objects or threads to receive notice of cancellation.</param>
            <exception cref="T:DevilDaggersCustomLeaderboards.Clients.DevilDaggersInfoApiException">A server side error occurred.</exception>
        </member>
        <member name="M:DevilDaggersCustomLeaderboards.Clients.DevilDaggersInfoApiClient.LeaderboardHistory_GetWorldRecordsAsync(System.Threading.CancellationToken)">
            <param name="cancellationToken">A cancellation token that can be used by other objects or threads to receive notice of cancellation.</param>
            <exception cref="T:DevilDaggersCustomLeaderboards.Clients.DevilDaggersInfoApiException">A server side error occurred.</exception>
        </member>
        <member name="M:DevilDaggersCustomLeaderboards.Clients.DevilDaggersInfoApiClient.LeaderboardHistory_GetUserActivityAsync(System.Nullable{System.Int32},System.Threading.CancellationToken)">
            <param name="cancellationToken">A cancellation token that can be used by other objects or threads to receive notice of cancellation.</param>
            <exception cref="T:DevilDaggersCustomLeaderboards.Clients.DevilDaggersInfoApiException">A server side error occurred.</exception>
        </member>
        <member name="M:DevilDaggersCustomLeaderboards.Clients.DevilDaggersInfoApiClient.Leaderboards_GetLeaderboardAsync(System.Nullable{System.Int32},System.Threading.CancellationToken)">
            <param name="cancellationToken">A cancellation token that can be used by other objects or threads to receive notice of cancellation.</param>
            <exception cref="T:DevilDaggersCustomLeaderboards.Clients.DevilDaggersInfoApiException">A server side error occurred.</exception>
        </member>
        <member name="M:DevilDaggersCustomLeaderboards.Clients.DevilDaggersInfoApiClient.Leaderboards_GetUserByIdAsync(System.Nullable{System.Int32},System.Threading.CancellationToken)">
            <param name="cancellationToken">A cancellation token that can be used by other objects or threads to receive notice of cancellation.</param>
            <exception cref="T:DevilDaggersCustomLeaderboards.Clients.DevilDaggersInfoApiException">A server side error occurred.</exception>
        </member>
        <member name="M:DevilDaggersCustomLeaderboards.Clients.DevilDaggersInfoApiClient.Leaderboards_GetUserByUsernameAsync(System.String,System.Threading.CancellationToken)">
            <param name="cancellationToken">A cancellation token that can be used by other objects or threads to receive notice of cancellation.</param>
            <exception cref="T:DevilDaggersCustomLeaderboards.Clients.DevilDaggersInfoApiException">A server side error occurred.</exception>
        </member>
        <member name="M:DevilDaggersCustomLeaderboards.Clients.DevilDaggersInfoApiClient.Leaderboards_GetUserByRankAsync(System.Nullable{System.Int32},System.Threading.CancellationToken)">
            <param name="cancellationToken">A cancellation token that can be used by other objects or threads to receive notice of cancellation.</param>
            <exception cref="T:DevilDaggersCustomLeaderboards.Clients.DevilDaggersInfoApiException">A server side error occurred.</exception>
        </member>
        <member name="M:DevilDaggersCustomLeaderboards.Clients.DevilDaggersInfoApiClient.LeaderboardStatistics_GetDaggersAsync(System.Threading.CancellationToken)">
            <param name="cancellationToken">A cancellation token that can be used by other objects or threads to receive notice of cancellation.</param>
            <exception cref="T:DevilDaggersCustomLeaderboards.Clients.DevilDaggersInfoApiException">A server side error occurred.</exception>
        </member>
        <member name="M:DevilDaggersCustomLeaderboards.Clients.DevilDaggersInfoApiClient.LeaderboardStatistics_GetDeathTypesAsync(System.Threading.CancellationToken)">
            <param name="cancellationToken">A cancellation token that can be used by other objects or threads to receive notice of cancellation.</param>
            <exception cref="T:DevilDaggersCustomLeaderboards.Clients.DevilDaggersInfoApiException">A server side error occurred.</exception>
        </member>
        <member name="M:DevilDaggersCustomLeaderboards.Clients.DevilDaggersInfoApiClient.LeaderboardStatistics_GetTimesAsync(System.Threading.CancellationToken)">
            <param name="cancellationToken">A cancellation token that can be used by other objects or threads to receive notice of cancellation.</param>
            <exception cref="T:DevilDaggersCustomLeaderboards.Clients.DevilDaggersInfoApiException">A server side error occurred.</exception>
        </member>
        <member name="M:DevilDaggersCustomLeaderboards.Clients.DevilDaggersInfoApiClient.Mods_GetModsAsync(System.String,System.String,System.Nullable{System.Boolean},System.Threading.CancellationToken)">
            <param name="cancellationToken">A cancellation token that can be used by other objects or threads to receive notice of cancellation.</param>
            <exception cref="T:DevilDaggersCustomLeaderboards.Clients.DevilDaggersInfoApiException">A server side error occurred.</exception>
        </member>
        <member name="M:DevilDaggersCustomLeaderboards.Clients.DevilDaggersInfoApiClient.Mods_GetModFileAsync(System.String,System.Threading.CancellationToken)">
            <param name="cancellationToken">A cancellation token that can be used by other objects or threads to receive notice of cancellation.</param>
            <exception cref="T:DevilDaggersCustomLeaderboards.Clients.DevilDaggersInfoApiException">A server side error occurred.</exception>
        </member>
        <member name="M:DevilDaggersCustomLeaderboards.Clients.DevilDaggersInfoApiClient.Spawnsets_GetSpawnsetsAsync(System.String,System.String,System.Threading.CancellationToken)">
            <param name="cancellationToken">A cancellation token that can be used by other objects or threads to receive notice of cancellation.</param>
            <exception cref="T:DevilDaggersCustomLeaderboards.Clients.DevilDaggersInfoApiException">A server side error occurred.</exception>
        </member>
        <member name="M:DevilDaggersCustomLeaderboards.Clients.DevilDaggersInfoApiClient.Spawnsets_GetSpawnsetFileAsync(System.String,System.Threading.CancellationToken)">
            <param name="cancellationToken">A cancellation token that can be used by other objects or threads to receive notice of cancellation.</param>
            <exception cref="T:DevilDaggersCustomLeaderboards.Clients.DevilDaggersInfoApiException">A server side error occurred.</exception>
        </member>
        <member name="M:DevilDaggersCustomLeaderboards.Clients.DevilDaggersInfoApiClient.Tools_GetToolsAsync(System.String,System.Threading.CancellationToken)">
            <param name="cancellationToken">A cancellation token that can be used by other objects or threads to receive notice of cancellation.</param>
            <exception cref="T:DevilDaggersCustomLeaderboards.Clients.DevilDaggersInfoApiException">A server side error occurred.</exception>
        </member>
        <member name="M:DevilDaggersCustomLeaderboards.Clients.DevilDaggersInfoApiClient.Tools_GetToolFileAsync(System.String,System.Threading.CancellationToken)">
            <param name="cancellationToken">A cancellation token that can be used by other objects or threads to receive notice of cancellation.</param>
            <exception cref="T:DevilDaggersCustomLeaderboards.Clients.DevilDaggersInfoApiException">A server side error occurred.</exception>
        </member>
        <member name="M:DevilDaggersCustomLeaderboards.Clients.DevilDaggersInfoApiClient.Tools_GetDdclSettingsAsync(System.Threading.CancellationToken)">
            <param name="cancellationToken">A cancellation token that can be used by other objects or threads to receive notice of cancellation.</param>
            <exception cref="T:DevilDaggersCustomLeaderboards.Clients.DevilDaggersInfoApiException">A server side error occurred.</exception>
        </member>
        <member name="T:DevilDaggersCustomLeaderboards.Clients.ProblemDetails">
            <summary>A machine-readable format for specifying errors in HTTP API responses based on https://tools.ietf.org/html/rfc7807.</summary>
        </member>
        <member name="P:DevilDaggersCustomLeaderboards.Clients.ProblemDetails.Type">
            <summary>A URI reference [RFC3986] that identifies the problem type. This specification encourages that, when
            dereferenced, it provide human-readable documentation for the problem type
            (e.g., using HTML [W3C.REC-html5-20141028]).  When this member is not present, its value is assumed to be
            "about:blank".</summary>
        </member>
        <member name="P:DevilDaggersCustomLeaderboards.Clients.ProblemDetails.Title">
            <summary>A short, human-readable summary of the problem type.It SHOULD NOT change from occurrence to occurrence
            of the problem, except for purposes of localization(e.g., using proactive content negotiation;
            see[RFC7231], Section 3.4).</summary>
        </member>
        <member name="P:DevilDaggersCustomLeaderboards.Clients.ProblemDetails.Status">
            <summary>The HTTP status code([RFC7231], Section 6) generated by the origin server for this occurrence of the problem.</summary>
        </member>
        <member name="P:DevilDaggersCustomLeaderboards.Clients.ProblemDetails.Detail">
            <summary>A human-readable explanation specific to this occurrence of the problem.</summary>
        </member>
        <member name="P:DevilDaggersCustomLeaderboards.Clients.ProblemDetails.Instance">
            <summary>A URI reference that identifies the specific occurrence of the problem.It may or may not yield further information if dereferenced.</summary>
        </member>
        <member name="P:DevilDaggersCustomLeaderboards.Clients.ProblemDetails.Extensions">
            <summary>Gets the IDictionary`2 for extension members.
            
            Problem type definitions MAY extend the problem details object with additional members. Extension members appear in the same namespace as
            other members of a problem type.</summary>
        </member>
        <member name="P:DevilDaggersCustomLeaderboards.Clients.Leaderboard.DateTime">
            <summary>Represents the UTC date and time when the leaderboard was fetched.</summary>
        </member>
        <member name="P:DevilDaggersCustomLeaderboards.Clients.Tool.VersionNumber">
            <summary>Indicates the current version of the tool on the website.</summary>
        </member>
        <member name="P:DevilDaggersCustomLeaderboards.Clients.Tool.VersionNumberRequired">
            <summary>Indicates the oldest version of the tool which is still fully compatible with the website.</summary>
        </member>
        <member name="T:DevilDaggersCustomLeaderboards.Utils.ConsoleUtils">
            <summary>
            Special methods are used to output to the console, as clearing the console after every update makes everything flicker which is ugly.
            So instead of clearing the console using <see cref="M:System.Console.Clear"/>, we just reset the cursor to the top-left, and then overwrite everything from the previous update using these methods.
            </summary>
        </member>
        <member name="F:DevilDaggersCustomLeaderboards.Program._minimalTime">
            <summary>
            Only accepts submissions of at least one second.
            </summary>
        </member>
    </members>
</doc>
