<?xml version="1.0"?>
<doc>
    <assembly>
        <name>DevilDaggersCore</name>
    </assembly>
    <members>
        <member name="T:DevilDaggersCore.Encryption.AesBase32Wrapper">
            <summary>
            Taken from http://mjremijan.blogspot.com/2014/08/aes-encryption-between-java-and-c.html.
            </summary>
        </member>
        <member name="T:DevilDaggersCore.Encryption.Base32Encoding">
            <summary>
            Taken from https://stackoverflow.com/a/7135008.
            </summary>
        </member>
        <member name="P:DevilDaggersCore.Spawnsets.Events.AbstractEvent.Seconds">
            <summary>
            Unlike the <see cref="T:DevilDaggersCore.Spawnsets.Spawn"/> class, use the total second here. Using <see cref="P:DevilDaggersCore.Spawnsets.Spawn.Delay"/> is going to be unnecessarily complex as events will be overlapping a lot.
            </summary>
        </member>
        <member name="P:DevilDaggersCore.Spawnsets.Spawn.Enemy">
            <summary>
            Represents the enemy in this spawn, or <see langword="null"/> if it is an EMPTY spawn.
            </summary>
        </member>
        <member name="M:DevilDaggersCore.Spawnsets.Spawnset.TryParse(System.Byte[],DevilDaggersCore.Spawnsets.Spawnset@)">
            <summary>
            Tries to parse the contents of a spawnset file into a <see cref="T:DevilDaggersCore.Spawnsets.Spawnset"/> instance.
            This only works for V3 spawnsets.
            </summary>
            <param name="spawnsetFileBytes">The spawnset file contents.</param>
            <param name="spawnset">The parsed <see cref="T:DevilDaggersCore.Spawnsets.Spawnset"/>.</param>
        </member>
        <member name="M:DevilDaggersCore.Spawnsets.Spawnset.GetUniqueString">
            <summary>
            Creates a unique and constant string for this spawnset instance. Each value has a constant order and is separated using the ';' character.
            WARNING: Modifying this method in such a way that it returns different values will require a re-compile or re-publish of every application that uses it and render any older versions as obsolete.
            </summary>
        </member>
        <member name="M:DevilDaggersCore.Utils.RandomUtils.RandomInt(System.Int32)">
            <summary>
            Returns a random <see cref="T:System.Int32"/> that is greater than or equal to 0, and less than <paramref name="maxValue"/>.
            </summary>
            <param name="maxValue">The maximum value.</param>
            <returns>The random <see cref="T:System.Int32"/>.</returns>
        </member>
        <member name="M:DevilDaggersCore.Utils.RandomUtils.RandomInt(System.Int32,System.Int32)">
            <summary>
            Returns a random <see cref="T:System.Int32"/> that is greater than or equal to <paramref name="minValue"/>, and less than <paramref name="maxValue"/>.
            </summary>
            <param name="minValue">The minimum value.</param>
            <param name="maxValue">The maximum value.</param>
            <returns>The random <see cref="T:System.Int32"/>.</returns>
        </member>
        <member name="M:DevilDaggersCore.Utils.RandomUtils.RandomFloat(System.Single)">
            <summary>
            Returns a random <see cref="T:System.Single"/> that is greater than or equal to 0.0f, and less than <paramref name="maxValue"/>.
            </summary>
            <param name="maxValue">The maximum value.</param>
            <returns>The random <see cref="T:System.Single"/>.</returns>
        </member>
        <member name="M:DevilDaggersCore.Utils.RandomUtils.RandomFloat(System.Single,System.Single)">
            <summary>
            Returns a random <see cref="T:System.Single"/> that is greater than or equal to <paramref name="minValue"/>, and less than <paramref name="maxValue"/>.
            </summary>
            <param name="minValue">The minimum value.</param>
            <param name="maxValue">The maximum value.</param>
            <returns>The random <see cref="T:System.Single"/>.</returns>
        </member>
        <member name="M:DevilDaggersCore.Utils.RandomUtils.RandomDouble(System.Double)">
            <summary>
            Returns a random <see cref="T:System.Double"/> that is greater than or equal to 0.0, and less than <paramref name="maxValue"/>.
            </summary>
            <param name="maxValue">The maximum value.</param>
            <returns>The random <see cref="T:System.Double"/>.</returns>
        </member>
        <member name="M:DevilDaggersCore.Utils.RandomUtils.RandomDouble(System.Double,System.Double)">
            <summary>
            Returns a random <see cref="T:System.Double"/> that is greater than or equal to <paramref name="minValue"/>, and less than <paramref name="maxValue"/>.
            </summary>
            <param name="minValue">The minimum value.</param>
            <param name="maxValue">The maximum value.</param>
            <returns>The random <see cref="T:System.Double"/>.</returns>
        </member>
        <member name="M:DevilDaggersCore.Utils.RandomUtils.Choose``1(``0[])">
            <summary>
            Returns a random item from the given <paramref name="options"/> array.
            </summary>
            <typeparam name="T">The type of the items in the array.</typeparam>
            <param name="options">The array to choose from.</param>
            <returns>The randomly chosen item.</returns>
        </member>
        <member name="M:DevilDaggersCore.Utils.RandomUtils.Chance(System.Single)">
            <summary>
            Returns true or false based on the <paramref name="percentage"/> parameter.
            </summary>
            <param name="percentage">The percentage.</param>
            <returns>The result.</returns>
        </member>
    </members>
</doc>
