<?xml version="1.0"?>
<doc>
    <assembly>
        <name>DevilDaggersSurvivalEditor</name>
    </assembly>
    <members>
        <member name="T:DevilDaggersSurvivalEditor.App">
            <summary>
            App
            </summary>
        </member>
        <member name="M:DevilDaggersSurvivalEditor.App.LogError(System.String,System.Exception)">
            <summary>
            Logs the error message (and <see cref="T:System.Exception" /> if there is one).
            </summary>
        </member>
        <member name="M:DevilDaggersSurvivalEditor.App.ShowError(System.String,System.String,System.Exception)">
            <summary>
            Shows the error using the <see cref="T:DevilDaggersCore.Wpf.Windows.ErrorWindow" /> and calls <see cref="M:DevilDaggersSurvivalEditor.App.LogError(System.String,System.Exception)" /> to log the error message (and <see cref="T:System.Exception" /> if there is one).
            </summary>
        </member>
        <member name="M:DevilDaggersSurvivalEditor.App.InitializeComponent">
            <summary>
            InitializeComponent
            </summary>
        </member>
        <member name="M:DevilDaggersSurvivalEditor.App.Main">
            <summary>
            Application Entry Point.
            </summary>
        </member>
        <member name="T:DevilDaggersSurvivalEditor.Arena.ArenaCoord">
            <summary>
            Provides a simple structure containing a read-only integer coordinate that is specific to the arena.
            This struct should not be used for arena indexing (hence why there is no tile height property), as coordinates are useless in that case.
            Indexing is done explicitly using a two-dimensional array of floats, so use this struct for GUI-related tasks only.
            </summary>
        </member>
        <member name="T:DevilDaggersSurvivalEditor.Arena.ArenaPresetHandler">
            <summary>
            Singleton class to create all arena presets automatically through reflection and keep them in memory rather than re-instantiating them every time so their settings are remembered.
            </summary>
        </member>
        <member name="M:DevilDaggersSurvivalEditor.Clients.DevilDaggersInfoApiClient.Assets_GetAssetInfoForDdaeAsync(System.Threading.CancellationToken)">
            <param name="cancellationToken">A cancellation token that can be used by other objects or threads to receive notice of cancellation.</param>
            <exception cref="T:DevilDaggersSurvivalEditor.Clients.DevilDaggersInfoApiException">A server side error occurred.</exception>
        </member>
        <member name="M:DevilDaggersSurvivalEditor.Clients.DevilDaggersInfoApiClient.CustomEntries_GetCustomEntryReplayByIdAsync(System.Int32,System.Threading.CancellationToken)">
            <param name="cancellationToken">A cancellation token that can be used by other objects or threads to receive notice of cancellation.</param>
            <exception cref="T:DevilDaggersSurvivalEditor.Clients.DevilDaggersInfoApiException">A server side error occurred.</exception>
        </member>
        <member name="M:DevilDaggersSurvivalEditor.Clients.DevilDaggersInfoApiClient.CustomEntries_SubmitScoreAsync(DevilDaggersSurvivalEditor.Clients.UploadRequest,System.Threading.CancellationToken)">
            <param name="cancellationToken">A cancellation token that can be used by other objects or threads to receive notice of cancellation.</param>
            <exception cref="T:DevilDaggersSurvivalEditor.Clients.DevilDaggersInfoApiException">A server side error occurred.</exception>
        </member>
        <member name="M:DevilDaggersSurvivalEditor.Clients.DevilDaggersInfoApiClient.CustomLeaderboards_GetCustomLeaderboardsAsync(System.Threading.CancellationToken)">
            <param name="cancellationToken">A cancellation token that can be used by other objects or threads to receive notice of cancellation.</param>
            <exception cref="T:DevilDaggersSurvivalEditor.Clients.DevilDaggersInfoApiException">A server side error occurred.</exception>
        </member>
        <member name="M:DevilDaggersSurvivalEditor.Clients.DevilDaggersInfoApiClient.CustomLeaderboards_GetCustomLeaderboardAsync(System.Int32,System.Threading.CancellationToken)">
            <param name="cancellationToken">A cancellation token that can be used by other objects or threads to receive notice of cancellation.</param>
            <exception cref="T:DevilDaggersSurvivalEditor.Clients.DevilDaggersInfoApiException">A server side error occurred.</exception>
        </member>
        <member name="M:DevilDaggersSurvivalEditor.Clients.DevilDaggersInfoApiClient.Daggers_GetDaggersAsync(System.Threading.CancellationToken)">
            <param name="cancellationToken">A cancellation token that can be used by other objects or threads to receive notice of cancellation.</param>
            <exception cref="T:DevilDaggersSurvivalEditor.Clients.DevilDaggersInfoApiException">A server side error occurred.</exception>
        </member>
        <member name="M:DevilDaggersSurvivalEditor.Clients.DevilDaggersInfoApiClient.Daggers_GetDaggerAtSecondsAsync(System.Nullable{System.Int32},System.Threading.CancellationToken)">
            <param name="cancellationToken">A cancellation token that can be used by other objects or threads to receive notice of cancellation.</param>
            <exception cref="T:DevilDaggersSurvivalEditor.Clients.DevilDaggersInfoApiException">A server side error occurred.</exception>
        </member>
        <member name="M:DevilDaggersSurvivalEditor.Clients.DevilDaggersInfoApiClient.Deaths_GetDeathsAsync(System.Nullable{DevilDaggersSurvivalEditor.Clients.GameVersion},System.String,System.Nullable{System.Byte},System.Threading.CancellationToken)">
            <param name="cancellationToken">A cancellation token that can be used by other objects or threads to receive notice of cancellation.</param>
            <exception cref="T:DevilDaggersSurvivalEditor.Clients.DevilDaggersInfoApiException">A server side error occurred.</exception>
        </member>
        <member name="M:DevilDaggersSurvivalEditor.Clients.DevilDaggersInfoApiClient.Enemies_GetEnemiesAsync(System.Nullable{DevilDaggersSurvivalEditor.Clients.GameVersion},System.String,System.Nullable{System.Byte},System.Threading.CancellationToken)">
            <param name="cancellationToken">A cancellation token that can be used by other objects or threads to receive notice of cancellation.</param>
            <exception cref="T:DevilDaggersSurvivalEditor.Clients.DevilDaggersInfoApiException">A server side error occurred.</exception>
        </member>
        <member name="M:DevilDaggersSurvivalEditor.Clients.DevilDaggersInfoApiClient.GameVersions_GetGameVersionReleaseDateAsync(DevilDaggersSurvivalEditor.Clients.GameVersion,System.Threading.CancellationToken)">
            <param name="cancellationToken">A cancellation token that can be used by other objects or threads to receive notice of cancellation.</param>
            <exception cref="T:DevilDaggersSurvivalEditor.Clients.DevilDaggersInfoApiException">A server side error occurred.</exception>
        </member>
        <member name="M:DevilDaggersSurvivalEditor.Clients.DevilDaggersInfoApiClient.GameVersions_GetGameVersionAtDateAsync(System.Nullable{System.DateTime},System.Threading.CancellationToken)">
            <param name="cancellationToken">A cancellation token that can be used by other objects or threads to receive notice of cancellation.</param>
            <exception cref="T:DevilDaggersSurvivalEditor.Clients.DevilDaggersInfoApiException">A server side error occurred.</exception>
        </member>
        <member name="M:DevilDaggersSurvivalEditor.Clients.DevilDaggersInfoApiClient.Integrations_GetDdstatsRustAccessInfoAsync(System.Threading.CancellationToken)">
            <param name="cancellationToken">A cancellation token that can be used by other objects or threads to receive notice of cancellation.</param>
            <exception cref="T:DevilDaggersSurvivalEditor.Clients.DevilDaggersInfoApiException">A server side error occurred.</exception>
        </member>
        <member name="M:DevilDaggersSurvivalEditor.Clients.DevilDaggersInfoApiClient.LeaderboardHistory_GetUserProgressionByIdAsync(System.Nullable{System.Int32},System.Threading.CancellationToken)">
            <param name="cancellationToken">A cancellation token that can be used by other objects or threads to receive notice of cancellation.</param>
            <exception cref="T:DevilDaggersSurvivalEditor.Clients.DevilDaggersInfoApiException">A server side error occurred.</exception>
        </member>
        <member name="M:DevilDaggersSurvivalEditor.Clients.DevilDaggersInfoApiClient.LeaderboardHistory_GetWorldRecordsAsync(System.Threading.CancellationToken)">
            <param name="cancellationToken">A cancellation token that can be used by other objects or threads to receive notice of cancellation.</param>
            <exception cref="T:DevilDaggersSurvivalEditor.Clients.DevilDaggersInfoApiException">A server side error occurred.</exception>
        </member>
        <member name="M:DevilDaggersSurvivalEditor.Clients.DevilDaggersInfoApiClient.LeaderboardHistory_GetUserActivityAsync(System.Nullable{System.Int32},System.Threading.CancellationToken)">
            <param name="cancellationToken">A cancellation token that can be used by other objects or threads to receive notice of cancellation.</param>
            <exception cref="T:DevilDaggersSurvivalEditor.Clients.DevilDaggersInfoApiException">A server side error occurred.</exception>
        </member>
        <member name="M:DevilDaggersSurvivalEditor.Clients.DevilDaggersInfoApiClient.Leaderboards_GetLeaderboardAsync(System.Nullable{System.Int32},System.Threading.CancellationToken)">
            <param name="cancellationToken">A cancellation token that can be used by other objects or threads to receive notice of cancellation.</param>
            <exception cref="T:DevilDaggersSurvivalEditor.Clients.DevilDaggersInfoApiException">A server side error occurred.</exception>
        </member>
        <member name="M:DevilDaggersSurvivalEditor.Clients.DevilDaggersInfoApiClient.Leaderboards_GetUserByIdAsync(System.Nullable{System.Int32},System.Threading.CancellationToken)">
            <param name="cancellationToken">A cancellation token that can be used by other objects or threads to receive notice of cancellation.</param>
            <exception cref="T:DevilDaggersSurvivalEditor.Clients.DevilDaggersInfoApiException">A server side error occurred.</exception>
        </member>
        <member name="M:DevilDaggersSurvivalEditor.Clients.DevilDaggersInfoApiClient.Leaderboards_GetUserByUsernameAsync(System.String,System.Threading.CancellationToken)">
            <param name="cancellationToken">A cancellation token that can be used by other objects or threads to receive notice of cancellation.</param>
            <exception cref="T:DevilDaggersSurvivalEditor.Clients.DevilDaggersInfoApiException">A server side error occurred.</exception>
        </member>
        <member name="M:DevilDaggersSurvivalEditor.Clients.DevilDaggersInfoApiClient.Leaderboards_GetUserByRankAsync(System.Nullable{System.Int32},System.Threading.CancellationToken)">
            <param name="cancellationToken">A cancellation token that can be used by other objects or threads to receive notice of cancellation.</param>
            <exception cref="T:DevilDaggersSurvivalEditor.Clients.DevilDaggersInfoApiException">A server side error occurred.</exception>
        </member>
        <member name="M:DevilDaggersSurvivalEditor.Clients.DevilDaggersInfoApiClient.LeaderboardStatistics_GetDaggersAsync(System.Threading.CancellationToken)">
            <param name="cancellationToken">A cancellation token that can be used by other objects or threads to receive notice of cancellation.</param>
            <exception cref="T:DevilDaggersSurvivalEditor.Clients.DevilDaggersInfoApiException">A server side error occurred.</exception>
        </member>
        <member name="M:DevilDaggersSurvivalEditor.Clients.DevilDaggersInfoApiClient.LeaderboardStatistics_GetDeathTypesAsync(System.Threading.CancellationToken)">
            <param name="cancellationToken">A cancellation token that can be used by other objects or threads to receive notice of cancellation.</param>
            <exception cref="T:DevilDaggersSurvivalEditor.Clients.DevilDaggersInfoApiException">A server side error occurred.</exception>
        </member>
        <member name="M:DevilDaggersSurvivalEditor.Clients.DevilDaggersInfoApiClient.LeaderboardStatistics_GetTimesAsync(System.Threading.CancellationToken)">
            <param name="cancellationToken">A cancellation token that can be used by other objects or threads to receive notice of cancellation.</param>
            <exception cref="T:DevilDaggersSurvivalEditor.Clients.DevilDaggersInfoApiException">A server side error occurred.</exception>
        </member>
        <member name="M:DevilDaggersSurvivalEditor.Clients.DevilDaggersInfoApiClient.Mods_GetModsForDdaeAsync(System.String,System.String,System.Nullable{System.Boolean},System.Threading.CancellationToken)">
            <param name="cancellationToken">A cancellation token that can be used by other objects or threads to receive notice of cancellation.</param>
            <exception cref="T:DevilDaggersSurvivalEditor.Clients.DevilDaggersInfoApiException">A server side error occurred.</exception>
        </member>
        <member name="M:DevilDaggersSurvivalEditor.Clients.DevilDaggersInfoApiClient.Mods_GetModFileAsync(System.String,System.Threading.CancellationToken)">
            <param name="cancellationToken">A cancellation token that can be used by other objects or threads to receive notice of cancellation.</param>
            <exception cref="T:DevilDaggersSurvivalEditor.Clients.DevilDaggersInfoApiException">A server side error occurred.</exception>
        </member>
        <member name="M:DevilDaggersSurvivalEditor.Clients.DevilDaggersInfoApiClient.Players_GetPlayerFlagByIdAsync(System.Int32,System.Threading.CancellationToken)">
            <param name="cancellationToken">A cancellation token that can be used by other objects or threads to receive notice of cancellation.</param>
            <exception cref="T:DevilDaggersSurvivalEditor.Clients.DevilDaggersInfoApiException">A server side error occurred.</exception>
        </member>
        <member name="M:DevilDaggersSurvivalEditor.Clients.DevilDaggersInfoApiClient.ProcessMemory_GetMarkerAsync(System.Nullable{DevilDaggersSurvivalEditor.Clients.OperatingSystem},System.Threading.CancellationToken)">
            <param name="cancellationToken">A cancellation token that can be used by other objects or threads to receive notice of cancellation.</param>
            <exception cref="T:DevilDaggersSurvivalEditor.Clients.DevilDaggersInfoApiException">A server side error occurred.</exception>
        </member>
        <member name="M:DevilDaggersSurvivalEditor.Clients.DevilDaggersInfoApiClient.Spawnsets_GetSpawnsetsForDdseAsync(System.String,System.String,System.Threading.CancellationToken)">
            <param name="cancellationToken">A cancellation token that can be used by other objects or threads to receive notice of cancellation.</param>
            <exception cref="T:DevilDaggersSurvivalEditor.Clients.DevilDaggersInfoApiException">A server side error occurred.</exception>
        </member>
        <member name="M:DevilDaggersSurvivalEditor.Clients.DevilDaggersInfoApiClient.Spawnsets_GetSpawnsetByHashAsync(System.Byte[],System.Threading.CancellationToken)">
            <param name="cancellationToken">A cancellation token that can be used by other objects or threads to receive notice of cancellation.</param>
            <exception cref="T:DevilDaggersSurvivalEditor.Clients.DevilDaggersInfoApiException">A server side error occurred.</exception>
        </member>
        <member name="M:DevilDaggersSurvivalEditor.Clients.DevilDaggersInfoApiClient.Spawnsets_GetSpawnsetNameByHashAsync(System.Byte[],System.Threading.CancellationToken)">
            <param name="cancellationToken">A cancellation token that can be used by other objects or threads to receive notice of cancellation.</param>
            <exception cref="T:DevilDaggersSurvivalEditor.Clients.DevilDaggersInfoApiException">A server side error occurred.</exception>
        </member>
        <member name="M:DevilDaggersSurvivalEditor.Clients.DevilDaggersInfoApiClient.Spawnsets_GetSpawnsetHashAsync(System.String,System.Threading.CancellationToken)">
            <param name="cancellationToken">A cancellation token that can be used by other objects or threads to receive notice of cancellation.</param>
            <exception cref="T:DevilDaggersSurvivalEditor.Clients.DevilDaggersInfoApiException">A server side error occurred.</exception>
        </member>
        <member name="M:DevilDaggersSurvivalEditor.Clients.DevilDaggersInfoApiClient.Spawnsets_GetSpawnsetFileAsync(System.String,System.Threading.CancellationToken)">
            <param name="cancellationToken">A cancellation token that can be used by other objects or threads to receive notice of cancellation.</param>
            <exception cref="T:DevilDaggersSurvivalEditor.Clients.DevilDaggersInfoApiException">A server side error occurred.</exception>
        </member>
        <member name="M:DevilDaggersSurvivalEditor.Clients.DevilDaggersInfoApiClient.Tools_GetToolAsync(System.String,System.Threading.CancellationToken)">
            <param name="cancellationToken">A cancellation token that can be used by other objects or threads to receive notice of cancellation.</param>
            <exception cref="T:DevilDaggersSurvivalEditor.Clients.DevilDaggersInfoApiException">A server side error occurred.</exception>
        </member>
        <member name="M:DevilDaggersSurvivalEditor.Clients.DevilDaggersInfoApiClient.Tools_GetToolFileAsync(System.String,System.Threading.CancellationToken)">
            <param name="cancellationToken">A cancellation token that can be used by other objects or threads to receive notice of cancellation.</param>
            <exception cref="T:DevilDaggersSurvivalEditor.Clients.DevilDaggersInfoApiException">A server side error occurred.</exception>
        </member>
        <member name="P:DevilDaggersSurvivalEditor.Clients.Leaderboard.DateTime">
            <summary>Represents the UTC date and time when the leaderboard was fetched.</summary>
        </member>
        <member name="P:DevilDaggersSurvivalEditor.Clients.Tool.VersionNumber">
            <summary>Indicates the current version of the tool on the website.</summary>
        </member>
        <member name="P:DevilDaggersSurvivalEditor.Clients.Tool.VersionNumberRequired">
            <summary>Indicates the oldest version of the tool which is still fully compatible with the website.</summary>
        </member>
        <member name="T:DevilDaggersSurvivalEditor.Gui.UserControls.EndLoopPreviewUserControl">
            <summary>
            EndLoopPreviewUserControl
            </summary>
        </member>
        <member name="M:DevilDaggersSurvivalEditor.Gui.UserControls.EndLoopPreviewUserControl.InitializeComponent">
            <summary>
            InitializeComponent
            </summary>
        </member>
        <member name="T:DevilDaggersSurvivalEditor.Gui.UserControls.EndLoopSpawnUserControl">
            <summary>
            EndLoopSpawnUserControl
            </summary>
        </member>
        <member name="M:DevilDaggersSurvivalEditor.Gui.UserControls.EndLoopSpawnUserControl.InitializeComponent">
            <summary>
            InitializeComponent
            </summary>
        </member>
        <member name="T:DevilDaggersSurvivalEditor.Gui.UserControls.SpawnUserControl">
            <summary>
            SpawnUserControl
            </summary>
        </member>
        <member name="M:DevilDaggersSurvivalEditor.Gui.UserControls.SpawnUserControl.InitializeComponent">
            <summary>
            InitializeComponent
            </summary>
        </member>
        <member name="T:DevilDaggersSurvivalEditor.Gui.UserControls.SpawnsetArenaUserControl">
            <summary>
            SpawnsetArenaUserControl
            </summary>
        </member>
        <member name="M:DevilDaggersSurvivalEditor.Gui.UserControls.SpawnsetArenaUserControl.InitializeComponent">
            <summary>
            InitializeComponent
            </summary>
        </member>
        <member name="T:DevilDaggersSurvivalEditor.Gui.UserControls.SpawnsetSettingsUserControl">
            <summary>
            SpawnsetSettingsUserControl
            </summary>
        </member>
        <member name="M:DevilDaggersSurvivalEditor.Gui.UserControls.SpawnsetSettingsUserControl.InitializeComponent">
            <summary>
            InitializeComponent
            </summary>
        </member>
        <member name="T:DevilDaggersSurvivalEditor.Gui.UserControls.SpawnsetSpawnsUserControl">
            <summary>
            SpawnsetSpawnsUserControl
            </summary>
        </member>
        <member name="M:DevilDaggersSurvivalEditor.Gui.UserControls.SpawnsetSpawnsUserControl.UpdateSpawnset">
            <summary>
            Updates the entire spawns list based on the <see cref="P:DevilDaggersSurvivalEditor.Spawnsets.SpawnsetHandler.Spawnset"/>. Should only be used when a new spawnset is loaded.
            </summary>
        </member>
        <member name="M:DevilDaggersSurvivalEditor.Gui.UserControls.SpawnsetSpawnsUserControl.InsertSpawnsAt(System.Int32,DevilDaggersCore.Spawnsets.Spawn[])">
            <summary>
            Inserts new spawns into the <see cref="P:DevilDaggersSurvivalEditor.Spawnsets.SpawnsetHandler.Instance"/> and updates the GUI.
            </summary>
        </member>
        <member name="M:DevilDaggersSurvivalEditor.Gui.UserControls.SpawnsetSpawnsUserControl.InitializeComponent">
            <summary>
            InitializeComponent
            </summary>
        </member>
        <member name="T:DevilDaggersSurvivalEditor.Gui.Windows.AboutWindow">
            <summary>
            AboutWindow
            </summary>
        </member>
        <member name="M:DevilDaggersSurvivalEditor.Gui.Windows.AboutWindow.InitializeComponent">
            <summary>
            InitializeComponent
            </summary>
        </member>
        <member name="T:DevilDaggersSurvivalEditor.Gui.Windows.ArenaPresetWindow">
            <summary>
            ArenaPresetWindow
            </summary>
        </member>
        <member name="M:DevilDaggersSurvivalEditor.Gui.Windows.ArenaPresetWindow.InitializeComponent">
            <summary>
            InitializeComponent
            </summary>
        </member>
        <member name="T:DevilDaggersSurvivalEditor.Gui.Windows.DownloadSpawnsetWindow">
            <summary>
            DownloadSpawnsetWindow
            </summary>
        </member>
        <member name="M:DevilDaggersSurvivalEditor.Gui.Windows.DownloadSpawnsetWindow.InitializeComponent">
            <summary>
            InitializeComponent
            </summary>
        </member>
        <member name="T:DevilDaggersSurvivalEditor.Gui.Windows.LoadingWindow">
            <summary>
            LoadingWindow
            </summary>
        </member>
        <member name="M:DevilDaggersSurvivalEditor.Gui.Windows.LoadingWindow.InitializeComponent">
            <summary>
            InitializeComponent
            </summary>
        </member>
        <member name="T:DevilDaggersSurvivalEditor.Gui.Windows.MainWindow">
            <summary>
            MainWindow
            </summary>
        </member>
        <member name="M:DevilDaggersSurvivalEditor.Gui.Windows.MainWindow.InitializeComponent">
            <summary>
            InitializeComponent
            </summary>
        </member>
        <member name="T:DevilDaggersSurvivalEditor.Gui.Windows.ModifySpawnDelayWindow">
            <summary>
            ModifySpawnDelayWindow
            </summary>
        </member>
        <member name="M:DevilDaggersSurvivalEditor.Gui.Windows.ModifySpawnDelayWindow.InitializeComponent">
            <summary>
            InitializeComponent
            </summary>
        </member>
        <member name="T:DevilDaggersSurvivalEditor.Gui.Windows.SetTileHeightWindow">
            <summary>
            SetTileHeightWindow
            </summary>
        </member>
        <member name="M:DevilDaggersSurvivalEditor.Gui.Windows.SetTileHeightWindow.InitializeComponent">
            <summary>
            InitializeComponent
            </summary>
        </member>
        <member name="T:DevilDaggersSurvivalEditor.Gui.Windows.SettingsWindow">
            <summary>
            SettingsWindow
            </summary>
        </member>
        <member name="M:DevilDaggersSurvivalEditor.Gui.Windows.SettingsWindow.InitializeComponent">
            <summary>
            InitializeComponent
            </summary>
        </member>
        <member name="T:DevilDaggersSurvivalEditor.Gui.Windows.SwitchEnemyTypeWindow">
            <summary>
            SwitchEnemyTypeWindow
            </summary>
        </member>
        <member name="M:DevilDaggersSurvivalEditor.Gui.Windows.SwitchEnemyTypeWindow.InitializeComponent">
            <summary>
            InitializeComponent
            </summary>
        </member>
        <member name="T:DevilDaggersSurvivalEditor.Properties.Resources">
            <summary>
              A strongly-typed resource class, for looking up localized strings, etc.
            </summary>
        </member>
        <member name="P:DevilDaggersSurvivalEditor.Properties.Resources.ResourceManager">
            <summary>
              Returns the cached ResourceManager instance used by this class.
            </summary>
        </member>
        <member name="P:DevilDaggersSurvivalEditor.Properties.Resources.Culture">
            <summary>
              Overrides the current thread's CurrentUICulture property for all
              resource lookups using this strongly typed resource class.
            </summary>
        </member>
        <member name="M:DevilDaggersSurvivalEditor.Spawnsets.SpawnsetHandler.ProceedWithUnsavedChanges">
            <summary>
            Asks the user to save the file before proceeding.
            </summary>
            <returns><see langword="true"/> if the following action should be cancelled.</returns>
        </member>
        <member name="M:DevilDaggersSurvivalEditor.Utils.RandomUtils.RandomInt(System.Int32)">
            <summary>
            Returns a random <see cref="T:System.Int32"/> that is greater than or equal to 0, and less than <paramref name="maxValue"/>.
            </summary>
            <param name="maxValue">The maximum value.</param>
            <returns>The random <see cref="T:System.Int32"/>.</returns>
        </member>
        <member name="M:DevilDaggersSurvivalEditor.Utils.RandomUtils.RandomInt(System.Int32,System.Int32)">
            <summary>
            Returns a random <see cref="T:System.Int32"/> that is greater than or equal to <paramref name="minValue"/>, and less than <paramref name="maxValue"/>.
            </summary>
            <param name="minValue">The minimum value.</param>
            <param name="maxValue">The maximum value.</param>
            <returns>The random <see cref="T:System.Int32"/>.</returns>
        </member>
        <member name="M:DevilDaggersSurvivalEditor.Utils.RandomUtils.RandomFloat(System.Single)">
            <summary>
            Returns a random <see cref="T:System.Single"/> that is greater than or equal to 0.0f, and less than <paramref name="maxValue"/>.
            </summary>
            <param name="maxValue">The maximum value.</param>
            <returns>The random <see cref="T:System.Single"/>.</returns>
        </member>
        <member name="M:DevilDaggersSurvivalEditor.Utils.RandomUtils.RandomFloat(System.Single,System.Single)">
            <summary>
            Returns a random <see cref="T:System.Single"/> that is greater than or equal to <paramref name="minValue"/>, and less than <paramref name="maxValue"/>.
            </summary>
            <param name="minValue">The minimum value.</param>
            <param name="maxValue">The maximum value.</param>
            <returns>The random <see cref="T:System.Single"/>.</returns>
        </member>
        <member name="M:DevilDaggersSurvivalEditor.Utils.RandomUtils.RandomDouble(System.Double)">
            <summary>
            Returns a random <see cref="T:System.Double"/> that is greater than or equal to 0.0, and less than <paramref name="maxValue"/>.
            </summary>
            <param name="maxValue">The maximum value.</param>
            <returns>The random <see cref="T:System.Double"/>.</returns>
        </member>
        <member name="M:DevilDaggersSurvivalEditor.Utils.RandomUtils.RandomDouble(System.Double,System.Double)">
            <summary>
            Returns a random <see cref="T:System.Double"/> that is greater than or equal to <paramref name="minValue"/>, and less than <paramref name="maxValue"/>.
            </summary>
            <param name="minValue">The minimum value.</param>
            <param name="maxValue">The maximum value.</param>
            <returns>The random <see cref="T:System.Double"/>.</returns>
        </member>
        <member name="M:DevilDaggersSurvivalEditor.Utils.RandomUtils.Choose``1(``0[])">
            <summary>
            Returns a random item from the given <paramref name="options"/> array.
            </summary>
            <typeparam name="T">The type of the items in the array.</typeparam>
            <param name="options">The array to choose from.</param>
            <returns>The randomly chosen item.</returns>
        </member>
        <member name="M:DevilDaggersSurvivalEditor.Utils.RandomUtils.Chance(System.Single)">
            <summary>
            Returns true or false based on the <paramref name="percentage"/> parameter.
            </summary>
            <param name="percentage">The percentage.</param>
            <returns>The result.</returns>
        </member>
    </members>
</doc>
