<?xml version="1.0"?>
<doc>
    <assembly>
        <name>DevilDaggersAssetEditor.Wpf</name>
    </assembly>
    <members>
        <member name="T:DevilDaggersAssetEditor.Wpf.App">
            <summary>
            App
            </summary>
        </member>
        <member name="M:DevilDaggersAssetEditor.Wpf.App.LogError(System.String,System.Exception)">
            <summary>
            Logs the error message (and <see cref="T:System.Exception" /> if there is one).
            </summary>
        </member>
        <member name="M:DevilDaggersAssetEditor.Wpf.App.ShowError(System.String,System.String,System.Exception)">
            <summary>
            Shows the error using the <see cref="T:DevilDaggersCore.Wpf.Windows.ErrorWindow" /> and calls <see cref="M:DevilDaggersAssetEditor.Wpf.App.LogError(System.String,System.Exception)" /> to log the error message (and <see cref="T:System.Exception" /> if there is one).
            </summary>
        </member>
        <member name="M:DevilDaggersAssetEditor.Wpf.App.InitializeComponent">
            <summary>
            InitializeComponent
            </summary>
        </member>
        <member name="M:DevilDaggersAssetEditor.Wpf.App.Main">
            <summary>
            Application Entry Point.
            </summary>
        </member>
        <member name="M:DevilDaggersAssetEditor.Wpf.Clients.DevilDaggersInfoApiClient.CustomLeaderboards_GetCustomLeaderboardsAsync(System.Threading.CancellationToken)">
            <param name="cancellationToken">A cancellation token that can be used by other objects or threads to receive notice of cancellation.</param>
            <exception cref="T:DevilDaggersAssetEditor.Wpf.Clients.DevilDaggersInfoApiException">A server side error occurred.</exception>
        </member>
        <member name="M:DevilDaggersAssetEditor.Wpf.Clients.DevilDaggersInfoApiClient.CustomLeaderboards_UploadScoreAsync(DevilDaggersAssetEditor.Wpf.Clients.UploadRequest,System.Threading.CancellationToken)">
            <param name="cancellationToken">A cancellation token that can be used by other objects or threads to receive notice of cancellation.</param>
            <exception cref="T:DevilDaggersAssetEditor.Wpf.Clients.DevilDaggersInfoApiException">A server side error occurred.</exception>
        </member>
        <member name="M:DevilDaggersAssetEditor.Wpf.Clients.DevilDaggersInfoApiClient.CustomLeaderboards_GetCustomLeaderboardAsync(System.Int32,System.Threading.CancellationToken)">
            <param name="cancellationToken">A cancellation token that can be used by other objects or threads to receive notice of cancellation.</param>
            <exception cref="T:DevilDaggersAssetEditor.Wpf.Clients.DevilDaggersInfoApiException">A server side error occurred.</exception>
        </member>
        <member name="M:DevilDaggersAssetEditor.Wpf.Clients.DevilDaggersInfoApiClient.Daggers_GetDaggersAsync(System.Threading.CancellationToken)">
            <param name="cancellationToken">A cancellation token that can be used by other objects or threads to receive notice of cancellation.</param>
            <exception cref="T:DevilDaggersAssetEditor.Wpf.Clients.DevilDaggersInfoApiException">A server side error occurred.</exception>
        </member>
        <member name="M:DevilDaggersAssetEditor.Wpf.Clients.DevilDaggersInfoApiClient.Daggers_GetDaggerAtSecondsAsync(System.Nullable{System.Int32},System.Threading.CancellationToken)">
            <param name="cancellationToken">A cancellation token that can be used by other objects or threads to receive notice of cancellation.</param>
            <exception cref="T:DevilDaggersAssetEditor.Wpf.Clients.DevilDaggersInfoApiException">A server side error occurred.</exception>
        </member>
        <member name="M:DevilDaggersAssetEditor.Wpf.Clients.DevilDaggersInfoApiClient.Deaths_GetDeathsAsync(System.Nullable{DevilDaggersAssetEditor.Wpf.Clients.GameVersion},System.String,System.Nullable{System.Byte},System.Threading.CancellationToken)">
            <param name="cancellationToken">A cancellation token that can be used by other objects or threads to receive notice of cancellation.</param>
            <exception cref="T:DevilDaggersAssetEditor.Wpf.Clients.DevilDaggersInfoApiException">A server side error occurred.</exception>
        </member>
        <member name="M:DevilDaggersAssetEditor.Wpf.Clients.DevilDaggersInfoApiClient.Enemies_GetEnemiesAsync(System.Nullable{DevilDaggersAssetEditor.Wpf.Clients.GameVersion},System.String,System.Nullable{System.Byte},System.Threading.CancellationToken)">
            <param name="cancellationToken">A cancellation token that can be used by other objects or threads to receive notice of cancellation.</param>
            <exception cref="T:DevilDaggersAssetEditor.Wpf.Clients.DevilDaggersInfoApiException">A server side error occurred.</exception>
        </member>
        <member name="M:DevilDaggersAssetEditor.Wpf.Clients.DevilDaggersInfoApiClient.GameVersions_GetGameVersionReleaseDateAsync(DevilDaggersAssetEditor.Wpf.Clients.GameVersion,System.Threading.CancellationToken)">
            <param name="cancellationToken">A cancellation token that can be used by other objects or threads to receive notice of cancellation.</param>
            <exception cref="T:DevilDaggersAssetEditor.Wpf.Clients.DevilDaggersInfoApiException">A server side error occurred.</exception>
        </member>
        <member name="M:DevilDaggersAssetEditor.Wpf.Clients.DevilDaggersInfoApiClient.GameVersions_GetGameVersionAtDateAsync(System.Nullable{System.DateTimeOffset},System.Threading.CancellationToken)">
            <param name="cancellationToken">A cancellation token that can be used by other objects or threads to receive notice of cancellation.</param>
            <exception cref="T:DevilDaggersAssetEditor.Wpf.Clients.DevilDaggersInfoApiException">A server side error occurred.</exception>
        </member>
        <member name="M:DevilDaggersAssetEditor.Wpf.Clients.DevilDaggersInfoApiClient.LeaderboardHistory_GetUserProgressionByIdAsync(System.Nullable{System.Int32},System.Threading.CancellationToken)">
            <param name="cancellationToken">A cancellation token that can be used by other objects or threads to receive notice of cancellation.</param>
            <exception cref="T:DevilDaggersAssetEditor.Wpf.Clients.DevilDaggersInfoApiException">A server side error occurred.</exception>
        </member>
        <member name="M:DevilDaggersAssetEditor.Wpf.Clients.DevilDaggersInfoApiClient.LeaderboardHistory_GetWorldRecordsAsync(System.Threading.CancellationToken)">
            <param name="cancellationToken">A cancellation token that can be used by other objects or threads to receive notice of cancellation.</param>
            <exception cref="T:DevilDaggersAssetEditor.Wpf.Clients.DevilDaggersInfoApiException">A server side error occurred.</exception>
        </member>
        <member name="M:DevilDaggersAssetEditor.Wpf.Clients.DevilDaggersInfoApiClient.LeaderboardHistory_GetLatestDatePlayedAsync(System.Nullable{System.Int32},System.Threading.CancellationToken)">
            <param name="cancellationToken">A cancellation token that can be used by other objects or threads to receive notice of cancellation.</param>
            <exception cref="T:DevilDaggersAssetEditor.Wpf.Clients.DevilDaggersInfoApiException">A server side error occurred.</exception>
        </member>
        <member name="M:DevilDaggersAssetEditor.Wpf.Clients.DevilDaggersInfoApiClient.LeaderboardHistory_GetUserActivityAsync(System.Nullable{System.Int32},System.Threading.CancellationToken)">
            <param name="cancellationToken">A cancellation token that can be used by other objects or threads to receive notice of cancellation.</param>
            <exception cref="T:DevilDaggersAssetEditor.Wpf.Clients.DevilDaggersInfoApiException">A server side error occurred.</exception>
        </member>
        <member name="M:DevilDaggersAssetEditor.Wpf.Clients.DevilDaggersInfoApiClient.Leaderboards_GetLeaderboardAsync(System.Nullable{System.Int32},System.Threading.CancellationToken)">
            <param name="cancellationToken">A cancellation token that can be used by other objects or threads to receive notice of cancellation.</param>
            <exception cref="T:DevilDaggersAssetEditor.Wpf.Clients.DevilDaggersInfoApiException">A server side error occurred.</exception>
        </member>
        <member name="M:DevilDaggersAssetEditor.Wpf.Clients.DevilDaggersInfoApiClient.Leaderboards_GetUserByIdAsync(System.Nullable{System.Int32},System.Threading.CancellationToken)">
            <param name="cancellationToken">A cancellation token that can be used by other objects or threads to receive notice of cancellation.</param>
            <exception cref="T:DevilDaggersAssetEditor.Wpf.Clients.DevilDaggersInfoApiException">A server side error occurred.</exception>
        </member>
        <member name="M:DevilDaggersAssetEditor.Wpf.Clients.DevilDaggersInfoApiClient.Leaderboards_GetUserByUsernameAsync(System.String,System.Threading.CancellationToken)">
            <param name="cancellationToken">A cancellation token that can be used by other objects or threads to receive notice of cancellation.</param>
            <exception cref="T:DevilDaggersAssetEditor.Wpf.Clients.DevilDaggersInfoApiException">A server side error occurred.</exception>
        </member>
        <member name="M:DevilDaggersAssetEditor.Wpf.Clients.DevilDaggersInfoApiClient.Leaderboards_GetUserByRankAsync(System.Nullable{System.Int32},System.Threading.CancellationToken)">
            <param name="cancellationToken">A cancellation token that can be used by other objects or threads to receive notice of cancellation.</param>
            <exception cref="T:DevilDaggersAssetEditor.Wpf.Clients.DevilDaggersInfoApiException">A server side error occurred.</exception>
        </member>
        <member name="M:DevilDaggersAssetEditor.Wpf.Clients.DevilDaggersInfoApiClient.LeaderboardStatistics_GetDaggersAsync(System.Threading.CancellationToken)">
            <param name="cancellationToken">A cancellation token that can be used by other objects or threads to receive notice of cancellation.</param>
            <exception cref="T:DevilDaggersAssetEditor.Wpf.Clients.DevilDaggersInfoApiException">A server side error occurred.</exception>
        </member>
        <member name="M:DevilDaggersAssetEditor.Wpf.Clients.DevilDaggersInfoApiClient.LeaderboardStatistics_GetDeathTypesAsync(System.Threading.CancellationToken)">
            <param name="cancellationToken">A cancellation token that can be used by other objects or threads to receive notice of cancellation.</param>
            <exception cref="T:DevilDaggersAssetEditor.Wpf.Clients.DevilDaggersInfoApiException">A server side error occurred.</exception>
        </member>
        <member name="M:DevilDaggersAssetEditor.Wpf.Clients.DevilDaggersInfoApiClient.LeaderboardStatistics_GetTimesAsync(System.Threading.CancellationToken)">
            <param name="cancellationToken">A cancellation token that can be used by other objects or threads to receive notice of cancellation.</param>
            <exception cref="T:DevilDaggersAssetEditor.Wpf.Clients.DevilDaggersInfoApiException">A server side error occurred.</exception>
        </member>
        <member name="M:DevilDaggersAssetEditor.Wpf.Clients.DevilDaggersInfoApiClient.Spawnsets_GetSpawnsetsAsync(System.String,System.String,System.Threading.CancellationToken)">
            <param name="cancellationToken">A cancellation token that can be used by other objects or threads to receive notice of cancellation.</param>
            <exception cref="T:DevilDaggersAssetEditor.Wpf.Clients.DevilDaggersInfoApiException">A server side error occurred.</exception>
        </member>
        <member name="M:DevilDaggersAssetEditor.Wpf.Clients.DevilDaggersInfoApiClient.Spawnsets_GetSpawnsetFileAsync(System.String,System.Threading.CancellationToken)">
            <param name="cancellationToken">A cancellation token that can be used by other objects or threads to receive notice of cancellation.</param>
            <exception cref="T:DevilDaggersAssetEditor.Wpf.Clients.DevilDaggersInfoApiException">A server side error occurred.</exception>
        </member>
        <member name="M:DevilDaggersAssetEditor.Wpf.Clients.DevilDaggersInfoApiClient.Tools_GetToolsAsync(System.String,System.Threading.CancellationToken)">
            <param name="cancellationToken">A cancellation token that can be used by other objects or threads to receive notice of cancellation.</param>
            <exception cref="T:DevilDaggersAssetEditor.Wpf.Clients.DevilDaggersInfoApiException">A server side error occurred.</exception>
        </member>
        <member name="M:DevilDaggersAssetEditor.Wpf.Clients.DevilDaggersInfoApiClient.Tools_GetToolFileAsync(System.String,System.Threading.CancellationToken)">
            <param name="cancellationToken">A cancellation token that can be used by other objects or threads to receive notice of cancellation.</param>
            <exception cref="T:DevilDaggersAssetEditor.Wpf.Clients.DevilDaggersInfoApiException">A server side error occurred.</exception>
        </member>
        <member name="P:DevilDaggersAssetEditor.Wpf.Clients.Leaderboard.DateTime">
            <summary>Represents the UTC date and time when the leaderboard was fetched.</summary>
        </member>
        <member name="P:DevilDaggersAssetEditor.Wpf.Clients.Tool.VersionNumber">
            <summary>Indicates the current version of the tool on the website.</summary>
        </member>
        <member name="P:DevilDaggersAssetEditor.Wpf.Clients.Tool.VersionNumberRequired">
            <summary>Indicates the oldest version of the tool which is still fully compatible with the website.</summary>
        </member>
        <member name="T:DevilDaggersAssetEditor.Wpf.Gui.UserControls.AssetRowControl">
            <summary>
            AssetRowControl
            </summary>
        </member>
        <member name="M:DevilDaggersAssetEditor.Wpf.Gui.UserControls.AssetRowControl.InitializeComponent">
            <summary>
            InitializeComponent
            </summary>
        </member>
        <member name="T:DevilDaggersAssetEditor.Wpf.Gui.UserControls.AssetTabControl">
            <summary>
            AssetTabControl
            </summary>
        </member>
        <member name="M:DevilDaggersAssetEditor.Wpf.Gui.UserControls.AssetTabControl.InitializeComponent">
            <summary>
            InitializeComponent
            </summary>
        </member>
        <member name="T:DevilDaggersAssetEditor.Wpf.Gui.UserControls.BinaryNameControl">
            <summary>
            BinaryNameControl
            </summary>
        </member>
        <member name="M:DevilDaggersAssetEditor.Wpf.Gui.UserControls.BinaryNameControl.InitializeComponent">
            <summary>
            InitializeComponent
            </summary>
        </member>
        <member name="T:DevilDaggersAssetEditor.Wpf.Gui.UserControls.BinaryPathControl">
            <summary>
            BinaryPathControl
            </summary>
        </member>
        <member name="M:DevilDaggersAssetEditor.Wpf.Gui.UserControls.BinaryPathControl.InitializeComponent">
            <summary>
            InitializeComponent
            </summary>
        </member>
        <member name="T:DevilDaggersAssetEditor.Wpf.Gui.UserControls.ImportDirectoryControl">
            <summary>
            ImportDirectoryControl
            </summary>
        </member>
        <member name="M:DevilDaggersAssetEditor.Wpf.Gui.UserControls.ImportDirectoryControl.InitializeComponent">
            <summary>
            InitializeComponent
            </summary>
        </member>
        <member name="T:DevilDaggersAssetEditor.Wpf.Gui.UserControls.PreviewerControls.AudioPreviewerControl">
            <summary>
            AudioPreviewerControl
            </summary>
        </member>
        <member name="M:DevilDaggersAssetEditor.Wpf.Gui.UserControls.PreviewerControls.AudioPreviewerControl.InitializeComponent">
            <summary>
            InitializeComponent
            </summary>
        </member>
        <member name="T:DevilDaggersAssetEditor.Wpf.Gui.UserControls.PreviewerControls.ModelBindingPreviewerControl">
            <summary>
            ModelBindingPreviewerControl
            </summary>
        </member>
        <member name="M:DevilDaggersAssetEditor.Wpf.Gui.UserControls.PreviewerControls.ModelBindingPreviewerControl.InitializeComponent">
            <summary>
            InitializeComponent
            </summary>
        </member>
        <member name="T:DevilDaggersAssetEditor.Wpf.Gui.UserControls.PreviewerControls.ModelPreviewerControl">
            <summary>
            ModelPreviewerControl
            </summary>
        </member>
        <member name="M:DevilDaggersAssetEditor.Wpf.Gui.UserControls.PreviewerControls.ModelPreviewerControl.InitializeComponent">
            <summary>
            InitializeComponent
            </summary>
        </member>
        <member name="T:DevilDaggersAssetEditor.Wpf.Gui.UserControls.PreviewerControls.ShaderPreviewerControl">
            <summary>
            ShaderPreviewerControl
            </summary>
        </member>
        <member name="M:DevilDaggersAssetEditor.Wpf.Gui.UserControls.PreviewerControls.ShaderPreviewerControl.InitializeComponent">
            <summary>
            InitializeComponent
            </summary>
        </member>
        <member name="T:DevilDaggersAssetEditor.Wpf.Gui.UserControls.PreviewerControls.TexturePreviewerControl">
            <summary>
            TexturePreviewerControl
            </summary>
        </member>
        <member name="M:DevilDaggersAssetEditor.Wpf.Gui.UserControls.PreviewerControls.TexturePreviewerControl.InitializeComponent">
            <summary>
            InitializeComponent
            </summary>
        </member>
        <member name="T:DevilDaggersAssetEditor.Wpf.Gui.Windows.AboutWindow">
            <summary>
            AboutWindow
            </summary>
        </member>
        <member name="M:DevilDaggersAssetEditor.Wpf.Gui.Windows.AboutWindow.InitializeComponent">
            <summary>
            InitializeComponent
            </summary>
        </member>
        <member name="T:DevilDaggersAssetEditor.Wpf.Gui.Windows.BinaryFileAnalyzerWindow">
            <summary>
            BinaryFileAnalyzerWindow
            </summary>
        </member>
        <member name="M:DevilDaggersAssetEditor.Wpf.Gui.Windows.BinaryFileAnalyzerWindow.InitializeComponent">
            <summary>
            InitializeComponent
            </summary>
        </member>
        <member name="T:DevilDaggersAssetEditor.Wpf.Gui.Windows.ExtractBinariesWindow">
            <summary>
            ExtractBinariesWindow
            </summary>
        </member>
        <member name="M:DevilDaggersAssetEditor.Wpf.Gui.Windows.ExtractBinariesWindow.InitializeComponent">
            <summary>
            InitializeComponent
            </summary>
        </member>
        <member name="T:DevilDaggersAssetEditor.Wpf.Gui.Windows.ImportAssetsWindow">
            <summary>
            ImportAssetsWindow
            </summary>
        </member>
        <member name="M:DevilDaggersAssetEditor.Wpf.Gui.Windows.ImportAssetsWindow.InitializeComponent">
            <summary>
            InitializeComponent
            </summary>
        </member>
        <member name="T:DevilDaggersAssetEditor.Wpf.Gui.Windows.LoadingWindow">
            <summary>
            LoadingWindow
            </summary>
        </member>
        <member name="M:DevilDaggersAssetEditor.Wpf.Gui.Windows.LoadingWindow.InitializeComponent">
            <summary>
            InitializeComponent
            </summary>
        </member>
        <member name="T:DevilDaggersAssetEditor.Wpf.Gui.Windows.MainWindow">
            <summary>
            MainWindow
            </summary>
        </member>
        <member name="M:DevilDaggersAssetEditor.Wpf.Gui.Windows.MainWindow.InitializeComponent">
            <summary>
            InitializeComponent
            </summary>
        </member>
        <member name="T:DevilDaggersAssetEditor.Wpf.Gui.Windows.MakeBinariesWindow">
            <summary>
            MakeBinariesWindow
            </summary>
        </member>
        <member name="M:DevilDaggersAssetEditor.Wpf.Gui.Windows.MakeBinariesWindow.InitializeComponent">
            <summary>
            InitializeComponent
            </summary>
        </member>
        <member name="T:DevilDaggersAssetEditor.Wpf.Gui.Windows.SettingsWindow">
            <summary>
            SettingsWindow
            </summary>
        </member>
        <member name="M:DevilDaggersAssetEditor.Wpf.Gui.Windows.SettingsWindow.InitializeComponent">
            <summary>
            InitializeComponent
            </summary>
        </member>
        <member name="T:DevilDaggersAssetEditor.Wpf.Gui.Windows.TrimBinaryWindow">
            <summary>
            TrimBinaryWindow
            </summary>
        </member>
        <member name="M:DevilDaggersAssetEditor.Wpf.Gui.Windows.TrimBinaryWindow.InitializeComponent">
            <summary>
            InitializeComponent
            </summary>
        </member>
        <member name="M:DevilDaggersAssetEditor.Wpf.ModFiles.ModFileHandler.ProceedWithUnsavedChanges">
            <summary>
            Asks the user to save the file before proceeding.
            </summary>
            <returns><see langword="true"/> if the following action should be cancelled.</returns>
        </member>
        <member name="M:DevilDaggersAssetEditor.Wpf.ModFiles.ModFileHandler.CreateModFileFromPath(System.String)">
            <summary>
            Creates a mod file based on the assets found in the directory specified by <paramref name="path"/> and places it inside that directory.
            </summary>
        </member>
        <member name="T:DevilDaggersAssetEditor.Wpf.Properties.Resources">
            <summary>
              A strongly-typed resource class, for looking up localized strings, etc.
            </summary>
        </member>
        <member name="P:DevilDaggersAssetEditor.Wpf.Properties.Resources.ResourceManager">
            <summary>
              Returns the cached ResourceManager instance used by this class.
            </summary>
        </member>
        <member name="P:DevilDaggersAssetEditor.Wpf.Properties.Resources.Culture">
            <summary>
              Overrides the current thread's CurrentUICulture property for all
              resource lookups using this strongly typed resource class.
            </summary>
        </member>
        <member name="T:XamlGeneratedNamespace.GeneratedInternalTypeHelper">
            <summary>
            GeneratedInternalTypeHelper
            </summary>
        </member>
        <member name="M:XamlGeneratedNamespace.GeneratedInternalTypeHelper.CreateInstance(System.Type,System.Globalization.CultureInfo)">
            <summary>
            CreateInstance
            </summary>
        </member>
        <member name="M:XamlGeneratedNamespace.GeneratedInternalTypeHelper.GetPropertyValue(System.Reflection.PropertyInfo,System.Object,System.Globalization.CultureInfo)">
            <summary>
            GetPropertyValue
            </summary>
        </member>
        <member name="M:XamlGeneratedNamespace.GeneratedInternalTypeHelper.SetPropertyValue(System.Reflection.PropertyInfo,System.Object,System.Object,System.Globalization.CultureInfo)">
            <summary>
            SetPropertyValue
            </summary>
        </member>
        <member name="M:XamlGeneratedNamespace.GeneratedInternalTypeHelper.CreateDelegate(System.Type,System.Object,System.String)">
            <summary>
            CreateDelegate
            </summary>
        </member>
        <member name="M:XamlGeneratedNamespace.GeneratedInternalTypeHelper.AddEventHandler(System.Reflection.EventInfo,System.Object,System.Delegate)">
            <summary>
            AddEventHandler
            </summary>
        </member>
    </members>
</doc>
