-- MySQL dump 10.13  Distrib 5.7.17, for Win64 (x86_64)
--
-- Host: localhost    Database: stolkdevildaggers
-- ------------------------------------------------------
-- Server version	5.7.19-log

/*!40101 SET @OLD_CHARACTER_SET_CLIENT=@@CHARACTER_SET_CLIENT */;
/*!40101 SET @OLD_CHARACTER_SET_RESULTS=@@CHARACTER_SET_RESULTS */;
/*!40101 SET @OLD_COLLATION_CONNECTION=@@COLLATION_CONNECTION */;
/*!40101 SET NAMES utf8 */;
/*!40103 SET @OLD_TIME_ZONE=@@TIME_ZONE */;
/*!40103 SET TIME_ZONE='+00:00' */;
/*!40014 SET @OLD_UNIQUE_CHECKS=@@UNIQUE_CHECKS, UNIQUE_CHECKS=0 */;
/*!40014 SET @OLD_FOREIGN_KEY_CHECKS=@@FOREIGN_KEY_CHECKS, FOREIGN_KEY_CHECKS=0 */;
/*!40101 SET @OLD_SQL_MODE=@@SQL_MODE, SQL_MODE='NO_AUTO_VALUE_ON_ZERO' */;
/*!40111 SET @OLD_SQL_NOTES=@@SQL_NOTES, SQL_NOTES=0 */;

--
-- Table structure for table `__efmigrationshistory`
--

DROP TABLE IF EXISTS `__efmigrationshistory`;
/*!40101 SET @saved_cs_client     = @@character_set_client */;
/*!40101 SET character_set_client = utf8 */;
CREATE TABLE `__efmigrationshistory` (
  `MigrationId` varchar(95) NOT NULL,
  `ProductVersion` varchar(32) NOT NULL,
  PRIMARY KEY (`MigrationId`)
) ENGINE=InnoDB DEFAULT CHARSET=utf8;
/*!40101 SET character_set_client = @saved_cs_client */;

--
-- Dumping data for table `__efmigrationshistory`
--

LOCK TABLES `__efmigrationshistory` WRITE;
/*!40000 ALTER TABLE `__efmigrationshistory` DISABLE KEYS */;
INSERT INTO `__efmigrationshistory` VALUES ('20190807200356_Initial','2.1.11-servicing-32099');
/*!40000 ALTER TABLE `__efmigrationshistory` ENABLE KEYS */;
UNLOCK TABLES;

--
-- Table structure for table `customentries`
--

DROP TABLE IF EXISTS `customentries`;
/*!40101 SET @saved_cs_client     = @@character_set_client */;
/*!40101 SET character_set_client = utf8 */;
CREATE TABLE `customentries` (
  `PlayerID` int(11) NOT NULL,
  `Username` longtext,
  `Time` float NOT NULL,
  `Gems` int(11) NOT NULL,
  `Kills` int(11) NOT NULL,
  `DeathType` int(11) NOT NULL,
  `ShotsHit` int(11) NOT NULL,
  `ShotsFired` int(11) NOT NULL,
  `EnemiesAlive` int(11) NOT NULL,
  `Homing` int(11) NOT NULL,
  `LevelUpTime2` float NOT NULL,
  `LevelUpTime3` float NOT NULL,
  `LevelUpTime4` float NOT NULL,
  `SubmitDate` datetime(6) NOT NULL,
  `ClientVersion` longtext,
  `ID` int(11) NOT NULL AUTO_INCREMENT,
  `CustomLeaderboardID` int(11) NOT NULL,
  PRIMARY KEY (`ID`),
  KEY `IX_CustomEntries_CustomLeaderboardID` (`CustomLeaderboardID`),
  CONSTRAINT `FK_CustomEntries_CustomLeaderboards_CustomLeaderboardID` FOREIGN KEY (`CustomLeaderboardID`) REFERENCES `customleaderboards` (`ID`) ON DELETE CASCADE
) ENGINE=InnoDB AUTO_INCREMENT=194 DEFAULT CHARSET=utf8;
/*!40101 SET character_set_client = @saved_cs_client */;

--
-- Dumping data for table `customentries`
--

LOCK TABLES `customentries` WRITE;
/*!40000 ALTER TABLE `customentries` DISABLE KEYS */;
INSERT INTO `customentries` VALUES (21854,'xvlv',74.6181,2,68,8,354,716,1830,0,0,0,0,'2019-06-20 23:25:00.944802','0.4.0.1',1,1),(21854,'xvlv',682.511,1240,1078,10,20792,59363,94,0,25.2998,93.8222,148.908,'2019-05-19 11:36:06.631702',NULL,4,3),(148788,'Bintr',35.3996,10,39,8,423,617,341,0,0,0,0,'2019-05-16 00:33:56.881580',NULL,5,1),(105315,'Luke',32.633,1,59,5,434,540,303,0,0,0,0,'2019-05-15 23:44:55.572763',NULL,6,1),(187974,'lsaille',44.8162,1,38,3,139,377,577,0,0,0,0,'2019-06-21 17:30:03.350830','0.4.0.1',8,1),(93991,'oogchamp',80.1526,0,5,0,168,620,2236,0,0,0,0,'2019-06-20 23:49:06.513687','0.4.0.1',10,1),(133050,'Angrevol',35.083,0,11,1,49,166,386,0,0,0,0,'2019-05-16 17:50:15.251564',NULL,11,1),(173419,'Kasa',42.3329,4,35,5,197,433,529,0,0,0,0,'2019-05-16 22:14:50.424964',NULL,12,1),(115431,'Pritster',38.2329,3,88,5,448,730,357,0,0,0,0,'2019-07-19 23:27:04.555372','0.4.0.1',13,1),(88299,'Slayermanbob',37.2663,0,93,5,582,778,358,0,0,0,0,'2019-05-16 19:08:06.873632',NULL,15,1),(65617,'pagedMov',28.0164,0,38,5,234,427,251,0,0,0,0,'2019-05-16 18:45:12.846461',NULL,16,1),(10782,'Nullifier',29.9997,5,36,8,345,437,255,0,0,0,0,'2019-05-16 20:23:33.999355',NULL,17,1),(105315,'Luke',226.539,239,406,5,5943,15764,115,0,0,0,0,'2019-05-17 10:10:14.669543',NULL,18,3),(148788,'Bintr',444.802,741,731,10,13441,36768,11,0,20.9832,0,0,'2019-05-16 22:58:38.658247',NULL,19,3),(187974,'lsaille',653.018,1301,1046,3,22628,61994,69,0,22.4498,82.2698,151.274,'2019-05-23 18:02:26.284610','0.3.0.0',20,3),(21854,'xvlv',465.064,703,850,4,12596,38532,140,0,7.25,35.283,104.825,'2019-05-17 15:25:15.577585',NULL,22,4),(187974,'lsaille',491.074,912,955,3,15522,43942,33,0,9.8167,35.4496,104.708,'2019-05-22 17:15:35.928870','0.3.0.0',23,4),(115431,'Pritster',435.821,626,784,4,12128,37370,66,0,16.5999,58.3826,155.056,'2019-05-20 03:00:43.937562',NULL,24,4),(115431,'Pritster',264.396,270,503,5,5270,14949,151,0,0,0,0,'2019-05-17 16:33:01.571512',NULL,25,3),(105315,'Luke',77.4687,114,86,10,869,2568,4,0,0,0,0,'2019-05-17 22:15:50.546657',NULL,26,4),(21854,'xvlv',858.018,821,2398,1,24975,74286,141,0,57.4493,125.396,278.193,'2019-05-19 15:11:42.593960',NULL,27,5),(187974,'lsaille',1045.35,1178,2577,10,30623,93047,37,0,53.466,128.863,277.793,'2019-05-20 18:09:03.076636','0.2.5.0',28,5),(21854,'xvlv',33.033,8,48,2,100,404,12,0,0,0,0,'2019-05-19 13:18:38.268735',NULL,33,6),(115431,'Pritster',824.759,799,1964,3,22697,70790,0,0,0,0,0,'2019-05-18 16:59:00.860831',NULL,35,5),(10782,'Nullifier',165.837,178,402,1,2550,5746,48,0,30.2497,129.829,0,'2019-05-18 21:41:12.845294',NULL,36,3),(173419,'Kasa',580.986,452,1591,15,15183,45001,41,0,60.7659,127.929,276.96,'2019-05-19 16:59:35.556006',NULL,37,5),(105641,'jay',579.069,537,1837,15,15371,42598,41,0,55.4993,126.829,247.467,'2019-05-19 06:56:50.301959',NULL,38,5),(111007,'Nito',42.4495,4,30,8,256,585,535,0,0,0,0,'2019-05-19 10:34:13.136629',NULL,39,1),(111007,'Nito',381.218,276,1618,6,5927,18023,37,0,0,0,0,'2019-05-19 19:01:54.504478',NULL,40,5),(182130,'Alk',76.9686,34,269,9,691,1933,53,0,0,0,0,'2019-05-19 16:36:17.510707',NULL,42,3),(148951,'Stop.',391.982,273,1018,1,5784,17131,20,0,0,0,0,'2019-05-19 17:38:57.806862',NULL,43,5),(173419,'Kasa',1151.51,1388,2283,1,32565,100121,20,0,31.683,97.1229,253.799,'2019-05-20 14:05:42.617461','0.2.5.0',44,9),(187974,'lsaille',1243.14,1490,2426,11,33213,106141,121,0,23.8998,93.0387,258.248,'2019-05-19 17:43:39.835784',NULL,45,9),(21854,'xvlv',1257.72,1633,2444,1,33977,100028,34,0,28.7997,98.5732,252.782,'2019-05-19 17:32:40.273521',NULL,46,9),(115431,'Pritster',1237.07,1689,2318,3,32787,99672,34,0,27.8997,92.7887,254.199,'2019-05-19 18:24:26.579832',NULL,47,9),(187974,'lsaille',119.194,0,0,10,0,0,20,0,0,0,0,'2019-05-19 19:13:27.301703',NULL,48,10),(21854,'xvlv',85.7205,0,0,10,0,0,14,0,0,0,0,'2019-05-19 18:53:17.173284',NULL,49,10),(93991,'oogchamp',79.7192,0,0,10,0,10,13,0,0,0,0,'2019-06-21 02:13:42.933719','0.4.0.1',50,10),(173419,'Kasa',69.6671,123,0,10,585,1106,0,0,14.7833,51.0994,0,'2019-05-19 19:02:04.143031',NULL,51,10),(115431,'Pritster',47.6828,0,0,10,0,0,7,0,0,0,0,'2019-05-20 03:24:08.717293',NULL,52,10),(89987,'Goobermin',28.0831,0,37,8,457,486,237,0,0,0,0,'2019-05-19 19:54:49.869251',NULL,53,1),(89987,'Goobermin',444.386,352,1583,15,9430,29930,39,0,61.7992,128.546,271.628,'2019-05-19 20:18:58.557734',NULL,54,5),(89987,'Goobermin',68.8669,211,0,10,840,2329,10,10,15.0666,42.4329,0,'2019-05-19 20:40:02.584379',NULL,55,10),(148951,'Stop.',81.6196,0,0,10,0,0,5,0,0,0,0,'2019-05-19 20:24:59.133252',NULL,56,10),(134802,'gLad',37.1163,3,72,5,430,689,357,0,0,0,0,'2019-05-19 21:00:52.168263',NULL,57,1),(148951,'Stop.',272.428,117,759,1,1645,9227,14,0,0,0,0,'2019-05-19 20:43:45.883906',NULL,58,6),(134802,'gLad',203.711,300,309,0,4771,13513,2,0,19.8832,46.8328,125.596,'2019-05-19 21:16:57.920933',NULL,59,4),(65617,'pagedMov',92.6053,147,1,10,658,1442,13,16,19.4999,36.1996,0,'2019-05-19 21:54:53.915400',NULL,60,10),(106722,'pocket',46.0828,1,82,3,194,464,587,0,0,0,0,'2019-05-19 22:54:05.498902',NULL,61,1),(148951,'Stop.',327.598,284,797,1,6795,18215,8,0,0,0,0,'2019-05-19 22:51:42.269137',NULL,62,9),(106722,'pocket',707.005,1337,1206,10,22405,59449,54,0,19.5999,87.6376,146.142,'2019-05-19 23:56:08.666797',NULL,63,3),(106722,'pocket',495.99,831,985,10,14920,40431,81,0,7.85,39.0662,95.4892,'2019-05-21 19:40:58.193482','0.3.0.0',64,4),(106722,'pocket',86.2039,26,0,10,198,702,14,0,23.4331,0,0,'2019-05-20 00:42:35.971765',NULL,65,10),(93991,'oogchamp',307.119,204,782,1,3086,10917,45,0,0,0,0,'2019-05-20 00:38:01.154378',NULL,66,5),(106722,'pocket',808.197,876,2572,1,23862,69469,48,0,52.2994,134.761,230.288,'2019-05-20 01:28:58.677197',NULL,68,5),(115431,'Pritster',324.015,160,1012,1,2165,12712,38,0,36.7163,180.067,0,'2019-05-20 03:08:09.302599',NULL,69,6),(182130,'Alk',518.667,329,1265,1,10336,34856,60,0,49.4661,143.792,337.112,'2019-06-11 14:07:12.355927','0.4.0.1',71,5),(182130,'Alk',49.2161,61,0,10,383,1256,1,0,15.3666,0,0,'2019-05-20 10:53:04.397587',NULL,72,10),(182130,'Alk',233.32,163,573,15,3402,11441,16,0,29.0164,103.007,0,'2019-05-20 11:07:09.958988',NULL,73,9),(187974,'lsaille',442.536,628,1077,1,13496,42151,41,0,11.0833,25.2164,107.342,'2019-05-21 14:34:52.805978','0.3.0.0',75,12),(21854,'xvlv',515.502,768,1213,1,15539,43694,285,0,7.5,22.6165,108.392,'2019-08-01 23:44:38.984570','0.4.0.1',77,12),(115431,'Pritster',396.314,533,764,3,10153,32464,146,0,7.7834,23.8331,113.877,'2019-05-20 22:18:05.999990','0.3.0.0',78,12),(65617,'pagedMov',490.141,360,1139,1,10057,29812,79,0,0,0,0,'2019-05-21 01:48:49.889053','0.2.5.0',79,5),(148788,'Bintr',359.756,548,689,3,9205,27625,19,0,12.2,32.9163,112.976,'2019-05-21 03:55:18.941057','0.3.0.0',80,12),(148788,'Bintr',586.034,537,1847,10,15637,43849,38,0,51.2494,127.213,233.37,'2019-05-21 04:07:26.251978','0.3.0.0',81,5),(182130,'Alk',207.277,320,256,3,3023,13157,69,0,7.7334,23.9665,115.844,'2019-05-21 08:23:26.448356','0.2.5.0',82,12),(182130,'Alk',262.147,260,411,5,3985,14357,59,0,15.9666,50.8994,0,'2019-05-21 08:47:46.542129','0.2.5.0',83,4),(182130,'Alk',254.132,87,673,1,1507,9878,24,0,41.3662,186.199,0,'2019-05-21 08:53:25.359460','0.2.5.0',84,6),(106722,'pocket',488.908,630,1220,3,14510,42533,249,0,8.8334,28.9331,113.226,'2019-05-21 13:34:33.110199','0.3.0.0',85,12),(106722,'pocket',327.781,115,1045,1,2334,14822,29,45,36.3829,181.85,0,'2019-05-21 13:54:22.249912','0.3.0.0',86,6),(106722,'pocket',1209.26,1639,2684,1,34953,100039,14,0,26.7998,95.5393,228.922,'2019-05-21 14:18:25.710270','0.3.0.0',87,9),(134802,'gLad',685.86,730,1577,1,18675,50884,24,0,47.3828,139.81,339.761,'2019-05-21 15:51:55.974543','0.3.0.0',88,5),(134802,'gLad',468.663,745,1075,5,13913,38380,94,0,7.8,25.6665,114.96,'2019-05-21 16:21:09.977686','0.3.0.0',89,12),(134802,'gLad',70.2839,138,0,10,720,1627,10,18,11.1,51.9327,0,'2019-05-21 16:48:05.392144','0.3.0.0',90,10),(173419,'Kasa',462.031,608,1126,1,13614,41994,108,0,7.8834,25.3831,113.093,'2019-05-22 21:20:47.040134','0.3.0.0',92,12),(187974,'lsaille',255.382,641,1942,3,4963,15996,97,3,7.9334,29.4331,72.551,'2019-05-23 17:46:46.306698','0.3.0.0',93,13),(21854,'xvlv',1079.55,2018,2552,10,23394,74332,83,0,49.4994,130.312,274.694,'2019-05-22 13:16:57.945489','0.3.0.0',94,16),(187974,'lsaille',729.566,1169,2542,1,11676,50109,52,0,47.7328,126.713,273.811,'2019-05-22 15:12:24.024121','0.3.0.0',95,15),(182130,'Alk',477.294,338,1086,9,5857,26738,38,0,0,0,0,'2019-05-22 13:25:01.635879','0.2.5.0',96,15),(187974,'lsaille',1121.12,2304,2388,3,26188,79986,44,0,50.9661,128.029,272.261,'2019-05-22 13:38:48.112139','0.3.0.0',97,16),(21854,'xvlv',318.883,754,2929,3,7035,22365,468,0,7.2334,35.1496,72.8844,'2019-07-25 00:14:39.070474','0.4.0.1',98,13),(182130,'Alk',126.646,280,670,3,2257,7740,258,0,0,0,0,'2019-05-22 13:28:59.358093','0.2.5.0',99,13),(182130,'Alk',581.002,539,1573,6,6944,38399,78,0,0,0,0,'2019-05-22 13:49:29.603002','0.2.5.0',100,14),(187974,'lsaille',303.603,322,484,1,3713,13614,12,94,32.3163,111.093,282.309,'2019-05-22 13:48:28.099775','0.3.0.0',101,14),(187974,'lsaille',255.015,211,1546,1,3071,12737,188,1,40.9496,127.563,0,'2019-06-09 03:51:47.835019','0.4.0.1',102,17),(21854,'xvlv',243.751,248,1552,1,2850,9757,152,0,37.8663,119.828,0,'2019-05-22 14:29:41.683124','0.3.0.0',103,17),(182130,'Alk',193.913,109,943,6,2080,6470,110,0,33.2497,154.19,0,'2019-05-22 14:30:56.709193','0.2.5.0',104,17),(182130,'Alk',680.161,678,1250,9,11680,48801,2,0,52.0827,129.762,275.027,'2019-05-22 14:57:31.459972','0.2.5.0',105,16),(115431,'Pritster',751.261,1089,2157,1,10719,50081,62,0,49.6994,131.545,277.41,'2019-05-22 18:22:17.890727','0.3.0.0',106,15),(115431,'Pritster',248.667,220,1158,3,2496,8866,407,2,36.2996,130.462,0,'2019-05-22 20:55:33.323436','0.3.0.0',107,17),(115431,'Pritster',1005.45,1572,1882,9,20647,72943,47,0,48.5161,127.979,273.111,'2019-05-22 20:35:01.181988','0.3.0.0',108,16),(148951,'Stop.',666.498,823,2317,0,7747,33588,0,0,0,0,0,'2019-05-22 21:09:57.207239','0.3.0.0',109,14),(93991,'oogchamp',1084.93,2088,2493,9,23925,70948,30,0,50.1494,126.596,257.698,'2018-12-09 21:38:29.214850','0.2.5.0',110,16),(148951,'Stop.',164.104,272,161,1,1957,7439,31,52,7.7167,24.3665,119.011,'2019-05-22 22:26:05.685848','0.3.0.0',111,12),(187974,'lsaille',337.045,109,1087,0,2492,16278,0,18,36.3496,179.567,0,'2019-05-23 17:36:34.690626','0.3.0.0',112,6),(134802,'gLad',211.476,175,1127,2,2357,6159,242,103,51.6161,133.811,0,'2019-05-23 18:33:33.000617','0.3.0.0',113,15),(134802,'gLad',384.85,975,3354,1,8090,22586,387,0,8.1834,33.083,74.6515,'2019-05-23 19:12:37.915313','0.3.0.0',114,13),(134802,'gLad',226.039,246,1473,3,2690,7333,147,6,44.7995,122.362,0,'2019-05-23 19:36:27.667947','0.3.0.0',115,17),(115431,'Pritster',230.071,132,367,5,3545,8989,51,28,40.4829,138.46,0,'2019-05-23 20:54:09.133806','0.3.0.0',116,20),(134802,'gLad',275.577,259,604,5,5484,13396,68,0,0,0,0,'2019-05-23 21:03:47.278913','0.3.0.0',117,20),(115431,'Pritster',279.326,220,494,0,3307,12025,0,149,26.0331,111.293,279.259,'2019-05-23 21:15:47.272423','0.3.0.0',118,14),(134802,'gLad',270.711,240,1491,10,3445,10183,1,0,0,0,0,'2019-05-23 21:18:58.936567','0.3.0.0',119,16),(115431,'Pritster',144.542,322,822,3,2930,8964,325,0,8.1,30.0664,74.0347,'2019-05-23 21:23:07.672612','0.3.0.0',120,13),(148951,'Stop.',111.226,271,500,3,1952,5603,241,0,0,0,0,'2019-05-23 23:32:29.922387','0.3.0.0',121,13),(21854,'xvlv',380.335,488,764,0,9221,25370,0,0,48.5994,133.128,200.179,'2019-05-25 01:07:19.288331','0.3.3.0',122,20),(148951,'Stop.',156.389,89,236,10,1849,4238,12,17,22.4498,151.524,0,'2019-05-30 22:39:02.433713','0.4.0.0',123,3),(187974,'lsaille',445.902,633,891,3,12714,34022,35,0,40.6495,131.062,199.795,'2019-05-24 06:38:39.826156','0.3.0.0',124,20),(65617,'pagedMov',216.808,191,472,1,3342,7539,35,0,0,0,0,'2019-05-24 05:21:24.580566','0.2.5.0',125,20),(93991,'oogchamp',259.514,325,1874,2,3362,10017,179,1,43.0829,116.26,0,'2019-05-24 18:29:00.869192','0.3.0.0',126,17),(21854,'xvlv',1047.98,1974,1864,1,24877,76945,70,0,51.1994,103.674,200.295,'2019-05-25 00:33:12.559099','0.3.3.0',127,21),(106722,'pocket',1074.03,2129,2102,9,26639,77784,86,0,46.8661,103.758,200.945,'2019-05-24 23:01:51.402240','0.3.3.0',128,21),(115431,'Pritster',932.3,1534,1508,10,19616,69247,28,0,33.083,119.144,211.526,'2019-05-24 23:27:36.966216','0.3.3.0',129,21),(106722,'pocket',431.189,566,1045,3,12538,32235,60,0,46.9328,133.245,198.329,'2019-05-25 00:18:43.289943','0.3.3.0',130,20),(142939,'LocoCaesar_IV',592.999,499,1353,2,14798,44185,24,0,51.0494,135.778,324.482,'2019-05-25 19:33:50.331115','0.3.3.0',131,5),(148951,'Stop.',209.143,128,422,1,2310,7758,59,35,40.0996,116.344,0,'2019-05-25 22:15:45.481563','0.3.3.0',132,21),(148951,'Stop.',151.857,91,254,10,1701,3770,1,21,44.7495,134.695,0,'2019-05-25 22:33:52.079327','0.3.3.0',133,20),(187974,'lsaille',754.043,1187,1799,1,16224,55963,31,0,52.2327,101.591,230.055,'2019-05-26 06:45:18.861153','0.3.3.0',134,21),(133050,'Angrevol',290.19,185,775,3,2418,11317,22,115,48.5994,144.842,0,'2019-05-26 17:09:40.026047','0.3.3.0',135,5),(173419,'Kasa',154.057,331,1126,1,2683,7384,489,0,13.9166,35.6496,0,'2019-05-26 23:10:36.524962','0.3.3.0',136,13),(173419,'Kasa',196.096,127,994,3,2067,6500,145,0,32.933,136.744,0,'2019-05-26 23:31:35.802186','0.3.3.0',137,17),(182130,'Alk',181.316,129,243,5,2637,6213,38,0,0,0,0,'2019-05-28 11:43:22.998666','0.4.0.0',138,20),(182130,'Alk',219.041,184,460,2,2591,8958,104,0,0,0,0,'2019-05-28 11:56:36.025759','0.4.0.0',139,21),(6760,'TSTAB',599.414,483,1632,1,15106,45362,57,0,52.816,132.862,293.406,'2019-05-29 15:13:07.905815','0.4.0.0',140,5),(148951,'Stop.',262.747,295,407,3,5440,19448,64,0,9.6334,48.3994,116.91,'2019-05-30 22:56:48.230731','0.4.0.0',143,4),(148951,'Stop.',31.333,6,16,1,168,364,287,0,0,0,0,'2019-05-30 23:08:39.808422','0.4.0.0',144,1),(148951,'Stop.',163.688,99,514,1,1284,4053,74,0,37.8829,136.911,0,'2019-05-30 23:14:25.018609','0.4.0.0',145,17),(148538,'paxtank',45.3162,73,0,10,433,1133,7,0,0,0,0,'2019-05-31 07:14:52.721730','0.4.0.0',146,10),(115431,'Pritster',405.362,444,1118,1,8415,29270,19,0,27.4498,87.1708,247.967,'2019-06-07 18:23:00.542271','0.4.0.1',147,22),(187974,'lsaille',562.657,677,1382,0,14058,48326,0,81,20.6832,86.6874,239.102,'2019-06-09 03:31:25.931862','0.4.0.1',148,22),(182130,'Alk',98.7066,64,392,1,1063,2568,220,0,27.9664,0,0,'2019-06-11 13:31:42.997186','0.4.0.1',149,22),(193449,'jjoeyay',171.652,74,420,1,1020,5048,28,0,0,0,0,'2019-06-17 08:15:12.474227','0.4.0.1',150,5),(193449,'jjoeyay',148.208,37,222,1,1460,4045,7,0,0,0,0,'2019-06-17 08:33:28.460410','0.4.0.1',151,20),(193449,'jjoeyay',25.8998,0,52,1,110,353,181,0,0,0,0,'2019-06-17 21:44:36.696559','0.4.0.1',152,1),(193449,'jjoeyay',107.575,24,326,3,1145,3560,131,0,20.4999,0,0,'2019-06-18 07:39:07.867345','0.4.0.1',153,22),(193449,'jjoeyay',82.3864,43,180,9,854,2249,37,0,31.0497,0,0,'2019-06-18 07:48:55.572260','0.4.0.1',154,3),(193449,'jjoeyay',122.328,85,122,3,1543,6205,75,15,20.2999,61.4159,0,'2019-06-18 08:26:12.400652','0.4.0.1',155,4),(193449,'jjoeyay',182.933,234,212,3,2542,11949,85,14,12.75,40.1496,133.228,'2019-06-18 08:53:33.048372','0.4.0.1',156,12),(193449,'jjoeyay',130.096,67,256,1,1333,3670,97,0,34.183,0,0,'2019-06-18 08:58:48.727971','0.4.0.1',157,9),(193449,'jjoeyay',40.0162,49,0,10,331,1046,5,0,17.6999,0,0,'2019-06-18 09:24:19.232480','0.4.0.1',158,10),(193449,'jjoeyay',78.3856,166,14,1,757,3505,257,96,13.0166,36.7829,0,'2019-06-18 09:34:22.470324','0.4.0.1',159,13),(193449,'jjoeyay',270.228,136,507,1,1696,10622,18,0,0,0,0,'2019-06-18 18:35:21.866341','0.4.0.1',160,15),(193449,'jjoeyay',314.001,156,512,5,2885,13150,71,0,0,0,0,'2019-06-18 18:46:19.914190','0.4.0.1',161,16),(193449,'jjoeyay',152.99,48,336,1,678,4502,24,0,0,0,0,'2019-06-18 18:50:18.344948','0.4.0.1',162,6),(193449,'jjoeyay',130.745,53,271,3,807,3242,103,0,0,0,0,'2019-06-18 18:57:15.225032','0.4.0.1',163,17),(193449,'jjoeyay',126.162,52,238,1,946,2971,56,0,37.6329,0,0,'2019-07-10 10:06:01.503497','0.4.0.1',164,14),(21854,'xvlv',619.693,769,1736,0,15597,47759,70,0,28.6831,83.7034,218.324,'2019-07-07 19:12:57.006164','0.4.0.1',165,22),(146931,'Duncdaddi',575.454,536,1354,2,2044,10000,0,0,0,0,0,'2019-06-23 17:43:14.468093','0.4.0.1',166,15),(146931,'Duncdaddi',434.855,298,1083,1,7064,23954,52,0,51.5827,147.658,338.911,'2019-06-21 04:09:55.719723','0.4.0.1',167,5),(146931,'Duncdaddi',40.5162,0,6,8,62,310,505,0,0,0,0,'2019-06-22 05:17:27.011707','0.4.0.1',168,1),(148951,'Stop.',266.362,206,648,1,3992,12411,36,130,21.2498,82.9032,0,'2019-06-23 17:30:13.182930','0.4.0.1',169,22),(21854,'xvlv',833.057,1492,2951,10,13534,53913,66,0,49.5661,130.129,260.847,'2019-06-23 20:14:33.911918','0.4.0.1',170,15),(21854,'xvlv',709.221,1032,3002,3,8400,41272,298,0,28.7664,112.576,275.06,'2019-06-23 21:38:29.083764','0.4.0.1',171,14),(21854,'xvlv',213.242,310,1081,5,5315,11422,234,0,10.0167,51.6327,0,'2019-07-05 23:08:11.195801','0.4.0.1',172,23),(193449,'jjoeyay',28.0497,37,60,7,304,533,190,0,14.3499,0,0,'2019-07-10 09:30:08.344210','0.4.0.1',173,23),(193449,'jjoeyay',138.91,84,234,5,1035,3911,62,14,38.7996,127.263,0,'2019-07-10 09:41:25.375896','0.4.0.1',174,21),(148951,'Stop.',114.527,121,776,0,2184,5205,0,29,8.9667,48.0661,0,'2019-07-18 13:44:22.614880','0.4.0.1',175,23),(180168,'ass di ck',38.4663,0,0,5,0,0,33,0,0,0,0,'2019-08-01 02:16:38.774680','0.4.0.1',176,1),(180168,'ass di ck',71.4341,59,201,15,603,1664,15,0,23.0665,0,0,'2019-07-30 00:13:56.350774','0.4.0.1',177,3),(180168,'ass di ck',45.6828,0,0,10,0,10,7,0,0,0,0,'2019-07-30 00:47:21.260329','0.4.0.1',179,10),(180168,'ass di ck',235.72,94,621,6,1305,8329,26,24,36.3496,189.814,0,'2019-07-30 00:51:59.983384','0.4.0.1',180,6),(180168,'ass di ck',647.919,439,553,4,11467,47009,105,0,49.4828,148.941,234.07,'2019-08-01 22:49:04.328737','0.4.0.1',181,24),(21854,'xvlv',1114.37,861,775,15,21197,90925,28,0,60.9492,157.622,251.583,'2019-08-01 17:21:25.661191','0.4.0.1',182,24),(115431,'Pritster',231.471,165,292,15,2020,7993,0,0,0,0,0,'2019-07-31 22:04:34.912512','0.4.0.1',183,24),(146931,'Duncdaddi',174.501,81,175,15,1433,3801,18,11,71.7842,170.186,0,'2019-08-01 00:23:55.636993','0.4.0.1',184,24),(6760,'TSTAB',422.041,383,258,2,6721,25337,24,0,66.433,160.638,216.858,'2019-08-04 10:55:42.908259','0.4.0.1',185,24),(115431,'Pritster',687.31,825,1721,2,13227,54581,98,0,32.5163,117.711,249.35,'2019-08-06 20:12:33.565741','0.4.0.1',186,25),(21854,'xvlv',645.02,793,1582,11,11280,45421,48,0,34.183,124.812,247.584,'2019-08-06 14:22:53.868447','0.4.1.0',187,25),(173419,'Kasa',643.92,701,1680,6,11720,49550,85,0,30.9664,118.511,236.303,'2019-08-06 18:24:27.586532','0.4.0.1',188,25),(134802,'gLad',692.708,908,1820,3,13313,52240,110,0,38.9662,118.561,247.384,'2019-08-06 20:31:55.663099','0.4.0.1',189,25),(180168,'ass di ck',253.332,197,454,10,2472,11378,63,104,34.3997,129.546,0,'2019-08-06 19:12:10.230878','0.4.0.1',190,25),(134802,'gLad',145.659,213,881,1,3137,6517,128,0,9.6667,50.1827,0,'2019-08-06 22:21:05.199542','0.4.0.1',191,23),(134802,'gLad',553.875,607,1424,1,12985,40717,20,0,21.1332,76.7186,256.731,'2019-08-06 22:38:21.763063','0.4.0.1',192,22),(21854,'xvlv',4.3667,0,0,9,0,30,1,0,0,0,0,'2019-08-07 16:02:51.208996','0.4.1.0',193,8);
/*!40000 ALTER TABLE `customentries` ENABLE KEYS */;
UNLOCK TABLES;

--
-- Table structure for table `customleaderboardcategories`
--

DROP TABLE IF EXISTS `customleaderboardcategories`;
/*!40101 SET @saved_cs_client     = @@character_set_client */;
/*!40101 SET character_set_client = utf8 */;
CREATE TABLE `customleaderboardcategories` (
  `Name` longtext,
  `SortingPropertyName` longtext,
  `Ascending` bit(1) NOT NULL,
  `LayoutPartialName` longtext,
  `ID` int(11) NOT NULL AUTO_INCREMENT,
  PRIMARY KEY (`ID`)
) ENGINE=InnoDB AUTO_INCREMENT=5 DEFAULT CHARSET=utf8;
/*!40101 SET character_set_client = @saved_cs_client */;

--
-- Dumping data for table `customleaderboardcategories`
--

LOCK TABLES `customleaderboardcategories` WRITE;
/*!40000 ALTER TABLE `customleaderboardcategories` DISABLE KEYS */;
INSERT INTO `customleaderboardcategories` VALUES ('Default','Time','\0','Default',1),('Challenge','Time','','Challenge',2),('Reverse','Time','','Default',3),('Archive','Time','\0','Default',4);
/*!40000 ALTER TABLE `customleaderboardcategories` ENABLE KEYS */;
UNLOCK TABLES;

--
-- Table structure for table `customleaderboards`
--

DROP TABLE IF EXISTS `customleaderboards`;
/*!40101 SET @saved_cs_client     = @@character_set_client */;
/*!40101 SET character_set_client = utf8 */;
CREATE TABLE `customleaderboards` (
  `SpawnsetFileName` longtext,
  `Bronze` float NOT NULL,
  `Silver` float NOT NULL,
  `Golden` float NOT NULL,
  `Devil` float NOT NULL,
  `Homing` float NOT NULL,
  `DateLastPlayed` datetime(6) DEFAULT NULL,
  `DateCreated` datetime(6) DEFAULT NULL,
  `ID` int(11) NOT NULL AUTO_INCREMENT,
  `CategoryID` int(11) NOT NULL,
  PRIMARY KEY (`ID`),
  KEY `IX_CustomLeaderboards_CategoryID` (`CategoryID`),
  CONSTRAINT `FK_CustomLeaderboards_CustomLeaderboardCategories_CategoryID` FOREIGN KEY (`CategoryID`) REFERENCES `customleaderboardcategories` (`ID`) ON DELETE CASCADE
) ENGINE=InnoDB AUTO_INCREMENT=26 DEFAULT CHARSET=utf8;
/*!40101 SET character_set_client = @saved_cs_client */;

--
-- Dumping data for table `customleaderboards`
--

LOCK TABLES `customleaderboards` WRITE;
/*!40000 ALTER TABLE `customleaderboards` DISABLE KEYS */;
INSERT INTO `customleaderboards` VALUES ('AttackAttackAttack_xvlv',10,20,30,40,70,'2019-08-07 00:00:00.000000','2019-05-15 00:00:00.000000',1,4),('bintrs cool spawnset_Bintr',100,250,400,600,730,'2019-08-07 00:00:00.000000','2019-05-16 00:00:00.000000',3,1),('HellOnSteroids_xvlv',80,160,280,400,500,'2019-08-07 00:00:00.000000','2019-05-17 00:00:00.000000',4,1),('TheFourLeviathanOfTheApocalypse_lsaille',200,400,666.667,1000,1111.11,'2019-08-07 00:00:00.000000','2019-05-18 00:00:00.000000',5,1),('Aim_Training_Cookie',100,180,250,325,0,'2019-08-07 00:00:00.000000','2019-05-19 00:00:00.000000',6,1),('Gigapedes_xvlv',1,2,3,4,0,'2019-08-07 00:00:00.000000','2019-05-19 00:00:00.000000',8,2),('FourDigitSkullSplitter_Pritster',300,500,750,1000,0,'2019-08-07 00:00:00.000000','2019-05-19 00:00:00.000000',9,1),('Coil_lsaille',30,50,60,75,120,'2019-08-07 00:00:00.000000','2019-05-19 00:00:00.000000',10,1),('bigplate_Pritster',160,300,400,450,525,'2019-08-07 00:00:00.000000','2019-05-20 00:00:00.000000',12,1),('Panic Stations_Stop',150,217,277,330,0,'2019-08-07 00:00:00.000000','2019-05-22 00:00:00.000000',13,1),('Beyblade_Stop',420,520,600,666,0,'2019-08-07 00:00:00.000000','2019-05-22 00:00:00.000000',14,1),('V1_Sorath',60,120,250,500,900,'2019-08-07 00:00:00.000000','2019-05-22 00:00:00.000000',15,1),('V2_Sorath',60,120,250,500,1150,'2019-08-07 00:00:00.000000','2019-05-22 00:00:00.000000',16,1),('infinity_farm_Pritster',70,120,200,250,300,'2019-08-07 00:00:00.000000','2019-05-22 00:00:00.000000',17,1),('Intimidate_lsaille',100,160,250,420,500,'2019-08-07 00:00:00.000000','2019-05-24 00:00:00.000000',20,1),('Smoke_Cookie',50,200,350,1000,1111,'2019-08-07 00:00:00.000000','2019-05-24 00:00:00.000000',21,1),('Kill_Stop',175,220,265,303,0,'2019-08-07 00:00:00.000000','2019-06-03 00:00:00.000000',22,1),('PrettyHard_xvlv',20,40,80,140,260,'2019-08-07 00:00:00.000000','2019-07-05 00:00:00.000000',23,1),('Planes_of_Existence_v1_Easy_cake',300,600,900,1200,1337.13,'2019-08-07 00:00:00.000000','2019-07-31 00:00:00.000000',24,1),('littleplate_Pritster',108,205,414,580,692,'2019-08-07 00:00:00.000000','2019-08-06 00:00:00.000000',25,1);
/*!40000 ALTER TABLE `customleaderboards` ENABLE KEYS */;
UNLOCK TABLES;
/*!40103 SET TIME_ZONE=@OLD_TIME_ZONE */;

/*!40101 SET SQL_MODE=@OLD_SQL_MODE */;
/*!40014 SET FOREIGN_KEY_CHECKS=@OLD_FOREIGN_KEY_CHECKS */;
/*!40014 SET UNIQUE_CHECKS=@OLD_UNIQUE_CHECKS */;
/*!40101 SET CHARACTER_SET_CLIENT=@OLD_CHARACTER_SET_CLIENT */;
/*!40101 SET CHARACTER_SET_RESULTS=@OLD_CHARACTER_SET_RESULTS */;
/*!40101 SET COLLATION_CONNECTION=@OLD_COLLATION_CONNECTION */;
/*!40111 SET SQL_NOTES=@OLD_SQL_NOTES */;

-- Dump completed on 2019-08-07 22:32:31
