-- phpMyAdmin SQL Dump
-- version 4.8.4
-- https://www.phpmyadmin.net/
--
-- Host: mysql9.mijnhostingpartner.nl
-- Generation Time: Aug 07, 2019 at 07:49 PM
-- Server version: 5.6.24-log
-- PHP Version: 7.2.7

SET SQL_MODE = "NO_AUTO_VALUE_ON_ZERO";
SET AUTOCOMMIT = 0;
START TRANSACTION;
SET time_zone = "+00:00";


/*!40101 SET @OLD_CHARACTER_SET_CLIENT=@@CHARACTER_SET_CLIENT */;
/*!40101 SET @OLD_CHARACTER_SET_RESULTS=@@CHARACTER_SET_RESULTS */;
/*!40101 SET @OLD_COLLATION_CONNECTION=@@COLLATION_CONNECTION */;
/*!40101 SET NAMES utf8mb4 */;

--
-- Database: `stolkdevildaggers`
--

-- --------------------------------------------------------

--
-- Table structure for table `customentries`
--

CREATE TABLE `customentries` (
  `ID` int(11) NOT NULL,
  `Time` float(8,4) NOT NULL,
  `Gems` int(11) NOT NULL,
  `Kills` int(11) NOT NULL,
  `DeathType` int(11) NOT NULL,
  `EnemiesAlive` int(11) NOT NULL,
  `Homing` int(11) NOT NULL,
  `LevelUpTime2` float(8,4) NOT NULL,
  `LevelUpTime3` float(8,4) NOT NULL,
  `LevelUpTime4` float(8,4) NOT NULL,
  `CustomLeaderboardID` int(11) NOT NULL,
  `SubmitDate` datetime(6) NOT NULL DEFAULT '0001-01-01 00:00:00.000000',
  `ShotsFired` int(11) NOT NULL DEFAULT '0',
  `ShotsHit` int(11) NOT NULL DEFAULT '0',
  `Username` varchar(32) DEFAULT NULL,
  `PlayerID` int(11) NOT NULL DEFAULT '0',
  `ClientVersion` varchar(16) DEFAULT NULL
) ENGINE=InnoDB DEFAULT CHARSET=utf8;

--
-- Dumping data for table `customentries`
--

INSERT INTO `customentries` (`ID`, `Time`, `Gems`, `Kills`, `DeathType`, `EnemiesAlive`, `Homing`, `LevelUpTime2`, `LevelUpTime3`, `LevelUpTime4`, `CustomLeaderboardID`, `SubmitDate`, `ShotsFired`, `ShotsHit`, `Username`, `PlayerID`, `ClientVersion`) VALUES
(1, 74.6181, 2, 68, 8, 1830, 0, 0.0000, 0.0000, 0.0000, 1, '2019-06-20 23:25:00.944802', 716, 354, 'xvlv', 21854, '0.4.0.1'),
(4, 682.5108, 1240, 1078, 10, 94, 0, 25.2998, 93.8222, 148.9078, 3, '2019-05-19 11:36:06.631702', 59363, 20792, 'xvlv', 21854, NULL),
(5, 35.3996, 10, 39, 8, 341, 0, 0.0000, 0.0000, 0.0000, 1, '2019-05-16 00:33:56.881580', 617, 423, 'Bintr', 148788, NULL),
(6, 32.6330, 1, 59, 5, 303, 0, 0.0000, 0.0000, 0.0000, 1, '2019-05-15 23:44:55.572763', 540, 434, 'Luke', 105315, NULL),
(8, 44.8162, 1, 38, 3, 577, 0, 0.0000, 0.0000, 0.0000, 1, '2019-06-21 17:30:03.350830', 377, 139, 'lsaille', 187974, '0.4.0.1'),
(10, 80.1526, 0, 5, 0, 2236, 0, 0.0000, 0.0000, 0.0000, 1, '2019-06-20 23:49:06.513687', 620, 168, 'oogchamp', 93991, '0.4.0.1'),
(11, 35.0830, 0, 11, 1, 386, 0, 0.0000, 0.0000, 0.0000, 1, '2019-05-16 17:50:15.251564', 166, 49, 'Angrevol', 133050, NULL),
(12, 42.3329, 4, 35, 5, 529, 0, 0.0000, 0.0000, 0.0000, 1, '2019-05-16 22:14:50.424964', 433, 197, 'Kasa', 173419, NULL),
(13, 38.2329, 3, 88, 5, 357, 0, 0.0000, 0.0000, 0.0000, 1, '2019-07-19 23:27:04.555372', 730, 448, 'Pritster', 115431, '0.4.0.1'),
(15, 37.2663, 0, 93, 5, 358, 0, 0.0000, 0.0000, 0.0000, 1, '2019-05-16 19:08:06.873632', 778, 582, 'Slayermanbob', 88299, NULL),
(16, 28.0164, 0, 38, 5, 251, 0, 0.0000, 0.0000, 0.0000, 1, '2019-05-16 18:45:12.846461', 427, 234, 'pagedMov', 65617, NULL),
(17, 29.9997, 5, 36, 8, 255, 0, 0.0000, 0.0000, 0.0000, 1, '2019-05-16 20:23:33.999355', 437, 345, 'Nullifier', 10782, NULL),
(18, 226.5388, 239, 406, 5, 115, 0, 0.0000, 0.0000, 0.0000, 3, '2019-05-17 10:10:14.669543', 15764, 5943, 'Luke', 105315, NULL),
(19, 444.8022, 741, 731, 10, 11, 0, 20.9832, 0.0000, 0.0000, 3, '2019-05-16 22:58:38.658247', 36768, 13441, 'Bintr', 148788, NULL),
(20, 653.0180, 1301, 1046, 3, 69, 0, 22.4498, 82.2698, 151.2738, 3, '2019-05-23 18:02:26.284610', 61994, 22628, 'lsaille', 187974, '0.3.0.0'),
(22, 465.0639, 703, 850, 4, 140, 0, 7.2500, 35.2830, 104.8246, 4, '2019-05-17 15:25:15.577585', 38532, 12596, 'xvlv', 21854, NULL),
(23, 491.0742, 912, 955, 3, 33, 0, 9.8167, 35.4496, 104.7079, 4, '2019-05-22 17:15:35.928870', 43942, 15522, 'lsaille', 187974, '0.3.0.0'),
(24, 435.8210, 626, 784, 4, 66, 0, 16.5999, 58.3826, 155.0563, 4, '2019-05-20 03:00:43.937562', 37370, 12128, 'Pritster', 115431, NULL),
(25, 264.3962, 270, 503, 5, 151, 0, 0.0000, 0.0000, 0.0000, 3, '2019-05-17 16:33:01.571512', 14949, 5270, 'Pritster', 115431, NULL),
(26, 77.4687, 114, 86, 10, 4, 0, 0.0000, 0.0000, 0.0000, 4, '2019-05-17 22:15:50.546657', 2568, 869, 'Luke', 105315, NULL),
(27, 858.0179, 821, 2398, 1, 141, 0, 57.4493, 125.3956, 278.1929, 5, '2019-05-19 15:11:42.593960', 74286, 24975, 'xvlv', 21854, NULL),
(28, 1045.3500, 1178, 2577, 10, 37, 0, 53.4660, 128.8627, 277.7930, 5, '2019-05-20 18:09:03.076636', 93047, 30623, 'lsaille', 187974, '0.2.5.0'),
(33, 33.0330, 8, 48, 2, 12, 0, 0.0000, 0.0000, 0.0000, 6, '2019-05-19 13:18:38.268735', 404, 100, 'xvlv', 21854, NULL),
(35, 824.7594, 799, 1964, 3, 0, 0, 0.0000, 0.0000, 0.0000, 5, '2019-05-18 16:59:00.860831', 70790, 22697, 'Pritster', 115431, NULL),
(36, 165.8370, 178, 402, 1, 48, 0, 30.2497, 129.8291, 0.0000, 3, '2019-05-18 21:41:12.845294', 5746, 2550, 'Nullifier', 10782, NULL),
(37, 580.9856, 452, 1591, 15, 41, 0, 60.7659, 127.9295, 276.9598, 5, '2019-05-19 16:59:35.556006', 45001, 15183, 'Kasa', 173419, NULL),
(38, 579.0694, 537, 1837, 15, 41, 0, 55.4993, 126.8293, 247.4670, 5, '2019-05-19 06:56:50.301959', 42598, 15371, 'jay', 105641, NULL),
(39, 42.4495, 4, 30, 8, 535, 0, 0.0000, 0.0000, 0.0000, 1, '2019-05-19 10:34:13.136629', 585, 256, 'Nito', 111007, NULL),
(40, 381.2177, 276, 1618, 6, 37, 0, 0.0000, 0.0000, 0.0000, 5, '2019-05-19 19:01:54.504478', 18023, 5927, 'Nito', 111007, NULL),
(42, 76.9686, 34, 269, 9, 53, 0, 0.0000, 0.0000, 0.0000, 3, '2019-05-19 16:36:17.510707', 1933, 691, 'Alk', 182130, NULL),
(43, 391.9818, 273, 1018, 1, 20, 0, 0.0000, 0.0000, 0.0000, 5, '2019-05-19 17:38:57.806862', 17131, 5784, 'Stop.', 148951, NULL),
(44, 1151.5120, 1388, 2283, 1, 20, 0, 31.6830, 97.1229, 253.7988, 9, '2019-05-20 14:05:42.617461', 100121, 32565, 'Kasa', 173419, '0.2.5.0'),
(45, 1243.1410, 1490, 2426, 11, 121, 0, 23.8998, 93.0387, 258.2477, 9, '2019-05-19 17:43:39.835784', 106141, 33213, 'lsaille', 187974, NULL),
(46, 1257.7240, 1633, 2444, 1, 34, 0, 28.7997, 98.5732, 252.7824, 9, '2019-05-19 17:32:40.273521', 100028, 33977, 'xvlv', 21854, NULL),
(47, 1237.0699, 1689, 2318, 3, 34, 0, 27.8997, 92.7887, 254.1987, 9, '2019-05-19 18:24:26.579832', 99672, 32787, 'Pritster', 115431, NULL),
(48, 119.1943, 0, 0, 10, 20, 0, 0.0000, 0.0000, 0.0000, 10, '2019-05-19 19:13:27.301703', 0, 0, 'lsaille', 187974, NULL),
(49, 85.7205, 0, 0, 10, 14, 0, 0.0000, 0.0000, 0.0000, 10, '2019-05-19 18:53:17.173284', 0, 0, 'xvlv', 21854, NULL),
(50, 79.7192, 0, 0, 10, 13, 0, 0.0000, 0.0000, 0.0000, 10, '2019-06-21 02:13:42.933719', 10, 0, 'oogchamp', 93991, '0.4.0.1'),
(51, 69.6671, 123, 0, 10, 0, 0, 14.7833, 51.0994, 0.0000, 10, '2019-05-19 19:02:04.143031', 1106, 585, 'Kasa', 173419, NULL),
(52, 47.6828, 0, 0, 10, 7, 0, 0.0000, 0.0000, 0.0000, 10, '2019-05-20 03:24:08.717293', 0, 0, 'Pritster', 115431, NULL),
(53, 28.0831, 0, 37, 8, 237, 0, 0.0000, 0.0000, 0.0000, 1, '2019-05-19 19:54:49.869251', 486, 457, 'Goobermin', 89987, NULL),
(54, 444.3856, 352, 1583, 15, 39, 0, 61.7992, 128.5461, 271.6278, 5, '2019-05-19 20:18:58.557734', 29930, 9430, 'Goobermin', 89987, NULL),
(55, 68.8669, 211, 0, 10, 10, 10, 15.0666, 42.4329, 0.0000, 10, '2019-05-19 20:40:02.584379', 2329, 840, 'Goobermin', 89987, NULL),
(56, 81.6196, 0, 0, 10, 5, 0, 0.0000, 0.0000, 0.0000, 10, '2019-05-19 20:24:59.133252', 0, 0, 'Stop.', 148951, NULL),
(57, 37.1163, 3, 72, 5, 357, 0, 0.0000, 0.0000, 0.0000, 1, '2019-05-19 21:00:52.168263', 689, 430, 'gLad', 134802, NULL),
(58, 272.4276, 117, 759, 1, 14, 0, 0.0000, 0.0000, 0.0000, 6, '2019-05-19 20:43:45.883906', 9227, 1645, 'Stop.', 148951, NULL),
(59, 203.7110, 300, 309, 0, 2, 0, 19.8832, 46.8328, 125.5957, 4, '2019-05-19 21:16:57.920933', 13513, 4771, 'gLad', 134802, NULL),
(60, 92.6053, 147, 1, 10, 13, 16, 19.4999, 36.1996, 0.0000, 10, '2019-05-19 21:54:53.915400', 1442, 658, 'pagedMov', 65617, NULL),
(61, 46.0828, 1, 82, 3, 587, 0, 0.0000, 0.0000, 0.0000, 1, '2019-05-19 22:54:05.498902', 464, 194, 'pocket', 106722, NULL),
(62, 327.5975, 284, 797, 1, 8, 0, 0.0000, 0.0000, 0.0000, 9, '2019-05-19 22:51:42.269137', 18215, 6795, 'Stop.', 148951, NULL),
(63, 707.0048, 1337, 1206, 10, 54, 0, 19.5999, 87.6376, 146.1418, 3, '2019-05-19 23:56:08.666797', 59449, 22405, 'pocket', 106722, NULL),
(64, 495.9897, 831, 985, 10, 81, 0, 7.8500, 39.0662, 95.4892, 4, '2019-05-21 19:40:58.193482', 40431, 14920, 'pocket', 106722, '0.3.0.0'),
(65, 86.2039, 26, 0, 10, 14, 0, 23.4331, 0.0000, 0.0000, 10, '2019-05-20 00:42:35.971765', 702, 198, 'pocket', 106722, NULL),
(66, 307.1191, 204, 782, 1, 45, 0, 0.0000, 0.0000, 0.0000, 5, '2019-05-20 00:38:01.154378', 10917, 3086, 'oogchamp', 93991, NULL),
(68, 808.1968, 876, 2572, 1, 48, 0, 52.2994, 134.7612, 230.2879, 5, '2019-05-20 01:28:58.677197', 69469, 23862, 'pocket', 106722, NULL),
(69, 324.0150, 160, 1012, 1, 38, 0, 36.7163, 180.0668, 0.0000, 6, '2019-05-20 03:08:09.302599', 12712, 2165, 'Pritster', 115431, NULL),
(71, 518.6675, 329, 1265, 1, 60, 0, 49.4661, 143.7923, 337.1118, 5, '2019-06-11 14:07:12.355927', 34856, 10336, 'Alk', 182130, '0.4.0.1'),
(72, 49.2161, 61, 0, 10, 1, 0, 15.3666, 0.0000, 0.0000, 10, '2019-05-20 10:53:04.397587', 1256, 383, 'Alk', 182130, NULL),
(73, 233.3205, 163, 573, 15, 16, 0, 29.0164, 103.0075, 0.0000, 9, '2019-05-20 11:07:09.958988', 11441, 3402, 'Alk', 182130, NULL),
(75, 442.5361, 628, 1077, 1, 41, 0, 11.0833, 25.2164, 107.3418, 12, '2019-05-21 14:34:52.805978', 42151, 13496, 'lsaille', 187974, '0.3.0.0'),
(77, 515.5016, 768, 1213, 1, 285, 0, 7.5000, 22.6165, 108.3920, 12, '2019-08-01 23:44:38.984570', 43694, 15539, 'xvlv', 21854, '0.4.0.1'),
(78, 396.3140, 533, 764, 3, 146, 0, 7.7834, 23.8331, 113.8765, 12, '2019-05-20 22:18:05.999990', 32464, 10153, 'Pritster', 115431, '0.3.0.0'),
(79, 490.1411, 360, 1139, 1, 79, 0, 0.0000, 0.0000, 0.0000, 5, '2019-05-21 01:48:49.889053', 29812, 10057, 'pagedMov', 65617, '0.2.5.0'),
(80, 359.7563, 548, 689, 3, 19, 0, 12.2000, 32.9163, 112.9763, 12, '2019-05-21 03:55:18.941057', 27625, 9205, 'Bintr', 148788, '0.3.0.0'),
(81, 586.0344, 537, 1847, 10, 38, 0, 51.2494, 127.2127, 233.3705, 5, '2019-05-21 04:07:26.251978', 43849, 15637, 'Bintr', 148788, '0.3.0.0'),
(82, 207.2768, 320, 256, 3, 69, 0, 7.7334, 23.9665, 115.8436, 12, '2019-05-21 08:23:26.448356', 13157, 3023, 'Alk', 182130, '0.2.5.0'),
(83, 262.1468, 260, 411, 5, 59, 0, 15.9666, 50.8994, 0.0000, 4, '2019-05-21 08:47:46.542129', 14357, 3985, 'Alk', 182130, '0.2.5.0'),
(84, 254.1321, 87, 673, 1, 24, 0, 41.3662, 186.1987, 0.0000, 6, '2019-05-21 08:53:25.359460', 9878, 1507, 'Alk', 182130, '0.2.5.0'),
(85, 488.9081, 630, 1220, 3, 249, 0, 8.8334, 28.9331, 113.2264, 12, '2019-05-21 13:34:33.110199', 42533, 14510, 'pocket', 106722, '0.3.0.0'),
(86, 327.7808, 115, 1045, 1, 29, 45, 36.3829, 181.8497, 0.0000, 6, '2019-05-21 13:54:22.249912', 14822, 2334, 'pocket', 106722, '0.3.0.0'),
(87, 1209.2581, 1639, 2684, 1, 14, 0, 26.7998, 95.5393, 228.9216, 9, '2019-05-21 14:18:25.710270', 100039, 34953, 'pocket', 106722, '0.3.0.0'),
(88, 685.8600, 730, 1577, 1, 24, 0, 47.3828, 139.8100, 339.7612, 5, '2019-05-21 15:51:55.974543', 50884, 18675, 'gLad', 134802, '0.3.0.0'),
(89, 468.6630, 745, 1075, 5, 94, 0, 7.8000, 25.6665, 114.9601, 12, '2019-05-21 16:21:09.977686', 38380, 13913, 'gLad', 134802, '0.3.0.0'),
(90, 70.2839, 138, 0, 10, 10, 18, 11.1000, 51.9327, 0.0000, 10, '2019-05-21 16:48:05.392144', 1627, 720, 'gLad', 134802, '0.3.0.0'),
(92, 462.0313, 608, 1126, 1, 108, 0, 7.8834, 25.3831, 113.0930, 12, '2019-05-22 21:20:47.040134', 41994, 13614, 'Kasa', 173419, '0.3.0.0'),
(93, 255.3818, 641, 1942, 3, 97, 3, 7.9334, 29.4331, 72.5510, 13, '2019-05-23 17:46:46.306698', 15996, 4963, 'lsaille', 187974, '0.3.0.0'),
(94, 1079.5500, 2018, 2552, 10, 83, 0, 49.4994, 130.3123, 274.6937, 16, '2019-05-22 13:16:57.945489', 74332, 23394, 'xvlv', 21854, '0.3.0.0'),
(95, 729.5660, 1169, 2542, 1, 52, 0, 47.7328, 126.7126, 273.8106, 15, '2019-05-22 15:12:24.024121', 50109, 11676, 'lsaille', 187974, '0.3.0.0'),
(96, 477.2943, 338, 1086, 9, 38, 0, 0.0000, 0.0000, 0.0000, 15, '2019-05-22 13:25:01.635879', 26738, 5857, 'Alk', 182130, '0.2.5.0'),
(97, 1121.1250, 2304, 2388, 3, 44, 0, 50.9661, 128.0295, 272.2610, 16, '2019-05-22 13:38:48.112139', 79986, 26188, 'lsaille', 187974, '0.3.0.0'),
(98, 318.8829, 754, 2929, 3, 468, 0, 7.2334, 35.1496, 72.8844, 13, '2019-07-25 00:14:39.070474', 22365, 7035, 'xvlv', 21854, '0.4.0.1'),
(99, 126.6459, 280, 670, 3, 258, 0, 0.0000, 0.0000, 0.0000, 13, '2019-05-22 13:28:59.358093', 7740, 2257, 'Alk', 182130, '0.2.5.0'),
(100, 581.0023, 539, 1573, 6, 78, 0, 0.0000, 0.0000, 0.0000, 14, '2019-05-22 13:49:29.603002', 38399, 6944, 'Alk', 182130, '0.2.5.0'),
(101, 303.6033, 322, 484, 1, 12, 94, 32.3163, 111.0926, 282.3085, 14, '2019-05-22 13:48:28.099775', 13614, 3713, 'lsaille', 187974, '0.3.0.0'),
(102, 255.0152, 211, 1546, 1, 188, 1, 40.9496, 127.5628, 0.0000, 17, '2019-06-09 03:51:47.835019', 12737, 3071, 'lsaille', 187974, '0.4.0.1'),
(103, 243.7513, 248, 1552, 1, 152, 0, 37.8663, 119.8278, 0.0000, 17, '2019-05-22 14:29:41.683124', 9757, 2850, 'xvlv', 21854, '0.3.0.0'),
(104, 193.9134, 109, 943, 6, 110, 0, 33.2497, 154.1898, 0.0000, 17, '2019-05-22 14:30:56.709193', 6470, 2080, 'Alk', 182130, '0.2.5.0'),
(105, 680.1614, 678, 1250, 9, 2, 0, 52.0827, 129.7624, 275.0270, 16, '2019-05-22 14:57:31.459972', 48801, 11680, 'Alk', 182130, '0.2.5.0'),
(106, 751.2607, 1089, 2157, 1, 62, 0, 49.6994, 131.5453, 277.4097, 15, '2019-05-22 18:22:17.890727', 50081, 10719, 'Pritster', 115431, '0.3.0.0'),
(107, 248.6667, 220, 1158, 3, 407, 2, 36.2996, 130.4623, 0.0000, 17, '2019-05-22 20:55:33.323436', 8866, 2496, 'Pritster', 115431, '0.3.0.0'),
(108, 1005.4490, 1572, 1882, 9, 47, 0, 48.5161, 127.9795, 273.1108, 16, '2019-05-22 20:35:01.181988', 72943, 20647, 'Pritster', 115431, '0.3.0.0'),
(109, 666.4980, 823, 2317, 0, 0, 0, 0.0000, 0.0000, 0.0000, 14, '2019-05-22 21:09:57.207239', 33588, 7747, 'Stop.', 148951, '0.3.0.0'),
(110, 1084.9349, 2088, 2493, 9, 30, 0, 50.1494, 126.5959, 257.6979, 16, '2018-12-09 21:38:29.214850', 70948, 23925, 'oogchamp', 93991, '0.2.5.0'),
(111, 164.1040, 272, 161, 1, 31, 52, 7.7167, 24.3665, 119.0109, 12, '2019-05-22 22:26:05.685848', 7439, 1957, 'Stop.', 148951, '0.3.0.0'),
(112, 337.0452, 109, 1087, 0, 0, 18, 36.3496, 179.5669, 0.0000, 6, '2019-05-23 17:36:34.690626', 16278, 2492, 'lsaille', 187974, '0.3.0.0'),
(113, 211.4758, 175, 1127, 2, 242, 103, 51.6161, 133.8114, 0.0000, 15, '2019-05-23 18:33:33.000617', 6159, 2357, 'gLad', 134802, '0.3.0.0'),
(114, 384.8502, 975, 3354, 1, 387, 0, 8.1834, 33.0830, 74.6515, 13, '2019-05-23 19:12:37.915313', 22586, 8090, 'gLad', 134802, '0.3.0.0'),
(115, 226.0389, 246, 1473, 3, 147, 6, 44.7995, 122.3617, 0.0000, 17, '2019-05-23 19:36:27.667947', 7333, 2690, 'gLad', 134802, '0.3.0.0'),
(116, 230.0713, 132, 367, 5, 51, 28, 40.4829, 138.4603, 0.0000, 20, '2019-05-23 20:54:09.133806', 8989, 3545, 'Pritster', 115431, '0.3.0.0'),
(117, 275.5768, 259, 604, 5, 68, 0, 0.0000, 0.0000, 0.0000, 20, '2019-05-23 21:03:47.278913', 13396, 5484, 'gLad', 134802, '0.3.0.0'),
(118, 279.3259, 220, 494, 0, 0, 149, 26.0331, 111.2926, 279.2593, 14, '2019-05-23 21:15:47.272423', 12025, 3307, 'Pritster', 115431, '0.3.0.0'),
(119, 270.7114, 240, 1491, 10, 1, 0, 0.0000, 0.0000, 0.0000, 16, '2019-05-23 21:18:58.936567', 10183, 3445, 'gLad', 134802, '0.3.0.0'),
(120, 144.5422, 322, 822, 3, 325, 0, 8.1000, 30.0664, 74.0347, 13, '2019-05-23 21:23:07.672612', 8964, 2930, 'Pritster', 115431, '0.3.0.0'),
(121, 111.2259, 271, 500, 3, 241, 0, 0.0000, 0.0000, 0.0000, 13, '2019-05-23 23:32:29.922387', 5603, 1952, 'Stop.', 148951, '0.3.0.0'),
(122, 380.3346, 488, 764, 0, 0, 0, 48.5994, 133.1283, 200.1786, 20, '2019-05-25 01:07:19.288331', 25370, 9221, 'xvlv', 21854, '0.3.3.0'),
(123, 156.3893, 89, 236, 10, 12, 17, 22.4498, 151.5238, 0.0000, 3, '2019-05-30 22:39:02.433713', 4238, 1849, 'Stop.', 148951, '0.4.0.0'),
(124, 445.9019, 633, 891, 3, 35, 0, 40.6495, 131.0621, 199.7953, 20, '2019-05-24 06:38:39.826156', 34022, 12714, 'lsaille', 187974, '0.3.0.0'),
(125, 216.8078, 191, 472, 1, 35, 0, 0.0000, 0.0000, 0.0000, 20, '2019-05-24 05:21:24.580566', 7539, 3342, 'pagedMov', 65617, '0.2.5.0'),
(126, 259.5141, 325, 1874, 2, 179, 1, 43.0829, 116.2604, 0.0000, 17, '2019-05-24 18:29:00.869192', 10017, 3362, 'oogchamp', 93991, '0.3.0.0'),
(127, 1047.9760, 1974, 1864, 1, 70, 0, 51.1994, 103.6743, 200.2952, 21, '2019-05-25 00:33:12.559099', 76945, 24877, 'xvlv', 21854, '0.3.3.0'),
(128, 1074.0310, 2129, 2102, 9, 86, 0, 46.8661, 103.7577, 200.9451, 21, '2019-05-24 23:01:51.402240', 77784, 26639, 'pocket', 106722, '0.3.3.0'),
(129, 932.2998, 1534, 1508, 10, 28, 0, 33.0830, 119.1443, 211.5258, 21, '2019-05-24 23:27:36.966216', 69247, 19616, 'Pritster', 115431, '0.3.3.0'),
(130, 431.1888, 566, 1045, 3, 60, 0, 46.9328, 133.2449, 198.3290, 20, '2019-05-25 00:18:43.289943', 32235, 12538, 'pocket', 106722, '0.3.3.0'),
(131, 592.9993, 499, 1353, 2, 24, 0, 51.0494, 135.7776, 324.4816, 5, '2019-05-25 19:33:50.331115', 44185, 14798, 'LocoCaesar_IV', 142939, '0.3.3.0'),
(132, 209.1431, 128, 422, 1, 59, 35, 40.0996, 116.3437, 0.0000, 21, '2019-05-25 22:15:45.481563', 7758, 2310, 'Stop.', 148951, '0.3.3.0'),
(133, 151.8570, 91, 254, 10, 1, 21, 44.7495, 134.6946, 0.0000, 20, '2019-05-25 22:33:52.079327', 3770, 1701, 'Stop.', 148951, '0.3.3.0'),
(134, 754.0433, 1187, 1799, 1, 31, 0, 52.2327, 101.5906, 230.0546, 21, '2019-05-26 06:45:18.861153', 55963, 16224, 'lsaille', 187974, '0.3.3.0'),
(135, 290.1899, 185, 775, 3, 22, 115, 48.5994, 144.8421, 0.0000, 5, '2019-05-26 17:09:40.026047', 11317, 2418, 'Angrevol', 133050, '0.3.3.0'),
(136, 154.0565, 331, 1126, 1, 489, 0, 13.9166, 35.6496, 0.0000, 13, '2019-05-26 23:10:36.524962', 7384, 2683, 'Kasa', 173419, '0.3.3.0'),
(137, 196.0962, 127, 994, 3, 145, 0, 32.9330, 136.7441, 0.0000, 17, '2019-05-26 23:31:35.802186', 6500, 2067, 'Kasa', 173419, '0.3.3.0'),
(138, 181.3165, 129, 243, 5, 38, 0, 0.0000, 0.0000, 0.0000, 20, '2019-05-28 11:43:22.998666', 6213, 2637, 'Alk', 182130, '0.4.0.0'),
(139, 219.0406, 184, 460, 2, 104, 0, 0.0000, 0.0000, 0.0000, 21, '2019-05-28 11:56:36.025759', 8958, 2591, 'Alk', 182130, '0.4.0.0'),
(140, 599.4144, 483, 1632, 1, 57, 0, 52.8160, 132.8617, 293.4058, 5, '2019-05-29 15:13:07.905815', 45362, 15106, 'TSTAB', 6760, '0.4.0.0'),
(143, 262.7466, 295, 407, 3, 64, 0, 9.6334, 48.3994, 116.9105, 4, '2019-05-30 22:56:48.230731', 19448, 5440, 'Stop.', 148951, '0.4.0.0'),
(144, 31.3330, 6, 16, 1, 287, 0, 0.0000, 0.0000, 0.0000, 1, '2019-05-30 23:08:39.808422', 364, 168, 'Stop.', 148951, '0.4.0.0'),
(145, 163.6875, 99, 514, 1, 74, 0, 37.8829, 136.9107, 0.0000, 17, '2019-05-30 23:14:25.018609', 4053, 1284, 'Stop.', 148951, '0.4.0.0'),
(146, 45.3162, 73, 0, 10, 7, 0, 0.0000, 0.0000, 0.0000, 10, '2019-05-31 07:14:52.721730', 1133, 433, 'paxtank', 148538, '0.4.0.0'),
(147, 405.3618, 444, 1118, 1, 19, 0, 27.4498, 87.1708, 247.9669, 22, '2019-06-07 18:23:00.542271', 29270, 8415, 'Pritster', 115431, '0.4.0.1'),
(148, 562.6567, 677, 1382, 0, 0, 81, 20.6832, 86.6874, 239.1024, 22, '2019-06-09 03:31:25.931862', 48326, 14058, 'lsaille', 187974, '0.4.0.1'),
(149, 98.7066, 64, 392, 1, 220, 0, 27.9664, 0.0000, 0.0000, 22, '2019-06-11 13:31:42.997186', 2568, 1063, 'Alk', 182130, '0.4.0.1'),
(150, 171.6522, 74, 420, 1, 28, 0, 0.0000, 0.0000, 0.0000, 5, '2019-06-17 08:15:12.474227', 5048, 1020, 'jjoeyay', 193449, '0.4.0.1'),
(151, 148.2079, 37, 222, 1, 7, 0, 0.0000, 0.0000, 0.0000, 20, '2019-06-17 08:33:28.460410', 4045, 1460, 'jjoeyay', 193449, '0.4.0.1'),
(152, 25.8998, 0, 52, 1, 181, 0, 0.0000, 0.0000, 0.0000, 1, '2019-06-17 21:44:36.696559', 353, 110, 'jjoeyay', 193449, '0.4.0.1'),
(153, 107.5752, 24, 326, 3, 131, 0, 20.4999, 0.0000, 0.0000, 22, '2019-06-18 07:39:07.867345', 3560, 1145, 'jjoeyay', 193449, '0.4.0.1'),
(154, 82.3864, 43, 180, 9, 37, 0, 31.0497, 0.0000, 0.0000, 3, '2019-06-18 07:48:55.572260', 2249, 854, 'jjoeyay', 193449, '0.4.0.1'),
(155, 122.3283, 85, 122, 3, 75, 15, 20.2999, 61.4159, 0.0000, 4, '2019-06-18 08:26:12.400652', 6205, 1543, 'jjoeyay', 193449, '0.4.0.1'),
(156, 182.9328, 234, 212, 3, 85, 14, 12.7500, 40.1496, 133.2283, 12, '2019-06-18 08:53:33.048372', 11949, 2542, 'jjoeyay', 193449, '0.4.0.1'),
(157, 130.0957, 67, 256, 1, 97, 0, 34.1830, 0.0000, 0.0000, 9, '2019-06-18 08:58:48.727971', 3670, 1333, 'jjoeyay', 193449, '0.4.0.1'),
(158, 40.0162, 49, 0, 10, 5, 0, 17.6999, 0.0000, 0.0000, 10, '2019-06-18 09:24:19.232480', 1046, 331, 'jjoeyay', 193449, '0.4.0.1'),
(159, 78.3856, 166, 14, 1, 257, 96, 13.0166, 36.7829, 0.0000, 13, '2019-06-18 09:34:22.470324', 3505, 757, 'jjoeyay', 193449, '0.4.0.1'),
(160, 270.2281, 136, 507, 1, 18, 0, 0.0000, 0.0000, 0.0000, 15, '2019-06-18 18:35:21.866341', 10622, 1696, 'jjoeyay', 193449, '0.4.0.1'),
(161, 314.0008, 156, 512, 5, 71, 0, 0.0000, 0.0000, 0.0000, 16, '2019-06-18 18:46:19.914190', 13150, 2885, 'jjoeyay', 193449, '0.4.0.1'),
(162, 152.9901, 48, 336, 1, 24, 0, 0.0000, 0.0000, 0.0000, 6, '2019-06-18 18:50:18.344948', 4502, 678, 'jjoeyay', 193449, '0.4.0.1'),
(163, 130.7455, 53, 271, 3, 103, 0, 0.0000, 0.0000, 0.0000, 17, '2019-06-18 18:57:15.225032', 3242, 807, 'jjoeyay', 193449, '0.4.0.1'),
(164, 126.1625, 52, 238, 1, 56, 0, 37.6329, 0.0000, 0.0000, 14, '2019-07-10 10:06:01.503497', 2971, 946, 'jjoeyay', 193449, '0.4.0.1'),
(165, 619.6928, 769, 1736, 0, 70, 0, 28.6831, 83.7034, 218.3241, 22, '2019-07-07 19:12:57.006164', 47759, 15597, 'xvlv', 21854, '0.4.0.1'),
(166, 575.4536, 536, 1354, 2, 0, 0, 0.0000, 0.0000, 0.0000, 15, '2019-06-23 17:43:14.468093', 10000, 2044, 'Duncdaddi', 146931, '0.4.0.1'),
(167, 434.8546, 298, 1083, 1, 52, 0, 51.5827, 147.6581, 338.9114, 5, '2019-06-21 04:09:55.719723', 23954, 7064, 'Duncdaddi', 146931, '0.4.0.1'),
(168, 40.5162, 0, 6, 8, 505, 0, 0.0000, 0.0000, 0.0000, 1, '2019-06-22 05:17:27.011707', 310, 62, 'Duncdaddi', 146931, '0.4.0.1'),
(169, 266.3624, 206, 648, 1, 36, 130, 21.2498, 82.9032, 0.0000, 22, '2019-06-23 17:30:13.182930', 12411, 3992, 'Stop.', 148951, '0.4.0.1'),
(170, 833.0574, 1492, 2951, 10, 66, 0, 49.5661, 130.1290, 260.8471, 15, '2019-06-23 20:14:33.911918', 53913, 13534, 'xvlv', 21854, '0.4.0.1'),
(171, 709.2209, 1032, 3002, 3, 298, 0, 28.7664, 112.5762, 275.0603, 14, '2019-06-23 21:38:29.083764', 41272, 8400, 'xvlv', 21854, '0.4.0.1'),
(172, 213.2421, 310, 1081, 5, 234, 0, 10.0167, 51.6327, 0.0000, 23, '2019-07-05 23:08:11.195801', 11422, 5315, 'xvlv', 21854, '0.4.0.1'),
(173, 28.0497, 37, 60, 7, 190, 0, 14.3499, 0.0000, 0.0000, 23, '2019-07-10 09:30:08.344210', 533, 304, 'jjoeyay', 193449, '0.4.0.1'),
(174, 138.9102, 84, 234, 5, 62, 14, 38.7996, 127.2627, 0.0000, 21, '2019-07-10 09:41:25.375896', 3911, 1035, 'jjoeyay', 193449, '0.4.0.1'),
(175, 114.5266, 121, 776, 0, 0, 29, 8.9667, 48.0661, 0.0000, 23, '2019-07-18 13:44:22.614880', 5205, 2184, 'Stop.', 148951, '0.4.0.1'),
(176, 38.4663, 0, 0, 5, 33, 0, 0.0000, 0.0000, 0.0000, 1, '2019-08-01 02:16:38.774680', 0, 0, 'ass di ck', 180168, '0.4.0.1'),
(177, 71.4341, 59, 201, 15, 15, 0, 23.0665, 0.0000, 0.0000, 3, '2019-07-30 00:13:56.350774', 1664, 603, 'ass di ck', 180168, '0.4.0.1'),
(179, 45.6828, 0, 0, 10, 7, 0, 0.0000, 0.0000, 0.0000, 10, '2019-07-30 00:47:21.260329', 10, 0, 'ass di ck', 180168, '0.4.0.1'),
(180, 235.7199, 94, 621, 6, 26, 24, 36.3496, 189.8144, 0.0000, 6, '2019-07-30 00:51:59.983384', 8329, 1305, 'ass di ck', 180168, '0.4.0.1'),
(181, 647.9193, 439, 553, 4, 105, 0, 49.4828, 148.9411, 234.0703, 24, '2019-08-01 22:49:04.328737', 47009, 11467, 'ass di ck', 180168, '0.4.0.1'),
(182, 1114.3690, 861, 775, 15, 28, 0, 60.9492, 157.6223, 251.5827, 24, '2019-08-01 17:21:25.661191', 90925, 21197, 'xvlv', 21854, '0.4.0.1'),
(183, 231.4709, 165, 292, 15, 0, 0, 0.0000, 0.0000, 0.0000, 24, '2019-07-31 22:04:34.912512', 7993, 2020, 'Pritster', 115431, '0.4.0.1'),
(184, 174.5015, 81, 175, 15, 18, 11, 71.7842, 170.1859, 0.0000, 24, '2019-08-01 00:23:55.636993', 3801, 1433, 'Duncdaddi', 146931, '0.4.0.1'),
(185, 422.0411, 383, 258, 2, 24, 0, 66.4330, 160.6382, 216.8578, 24, '2019-08-04 10:55:42.908259', 25337, 6721, 'TSTAB', 6760, '0.4.0.1'),
(186, 687.3096, 825, 1721, 2, 98, 0, 32.5163, 117.7107, 249.3499, 25, '2019-08-06 20:12:33.565741', 54581, 13227, 'Pritster', 115431, '0.4.0.1'),
(187, 645.0200, 793, 1582, 11, 48, 0, 34.1830, 124.8122, 247.5837, 25, '2019-08-06 14:22:53.868447', 45421, 11280, 'xvlv', 21854, '0.4.1.0'),
(188, 643.9202, 701, 1680, 6, 85, 0, 30.9664, 118.5108, 236.3031, 25, '2019-08-06 18:24:27.586532', 49550, 11720, 'Kasa', 173419, '0.4.0.1'),
(189, 692.7083, 908, 1820, 3, 110, 0, 38.9662, 118.5608, 247.3837, 25, '2019-08-06 20:31:55.663099', 52240, 13313, 'gLad', 134802, '0.4.0.1'),
(190, 253.3323, 197, 454, 10, 63, 104, 34.3997, 129.5458, 0.0000, 25, '2019-08-06 19:12:10.230878', 11378, 2472, 'ass di ck', 180168, '0.4.0.1'),
(191, 145.6586, 213, 881, 1, 128, 0, 9.6667, 50.1827, 0.0000, 23, '2019-08-06 22:21:05.199542', 6517, 3137, 'gLad', 134802, '0.4.0.1'),
(192, 553.8755, 607, 1424, 1, 20, 0, 21.1332, 76.7186, 256.7314, 22, '2019-08-06 22:38:21.763063', 40717, 12985, 'gLad', 134802, '0.4.0.1'),
(193, 4.3667, 0, 0, 9, 1, 0, 0.0000, 0.0000, 0.0000, 8, '2019-08-07 16:02:51.208996', 30, 0, 'xvlv', 21854, '0.4.1.0');

-- --------------------------------------------------------

--
-- Table structure for table `customleaderboards`
--

CREATE TABLE `customleaderboards` (
  `ID` int(11) NOT NULL,
  `SpawnsetFileName` varchar(64) DEFAULT NULL,
  `Bronze` float(8,4) NOT NULL,
  `Silver` float(8,4) NOT NULL,
  `Golden` float(8,4) NOT NULL,
  `Devil` float(8,4) NOT NULL,
  `Homing` float(8,4) NOT NULL,
  `Category` int(11) NOT NULL,
  `DateLastPlayed` date NOT NULL,
  `DateCreated` date NOT NULL
) ENGINE=InnoDB DEFAULT CHARSET=utf8;

--
-- Dumping data for table `customleaderboards`
--

INSERT INTO `customleaderboards` (`ID`, `SpawnsetFileName`, `Bronze`, `Silver`, `Golden`, `Devil`, `Homing`, `Category`, `DateLastPlayed`, `DateCreated`) VALUES
(1, 'AttackAttackAttack_xvlv', 10.0000, 20.0000, 30.0000, 40.0000, 70.0000, 3, '2019-08-07', '2019-05-15'),
(3, 'bintrs cool spawnset_Bintr', 100.0000, 250.0000, 400.0000, 600.0000, 730.0000, 0, '2019-08-07', '2019-05-16'),
(4, 'HellOnSteroids_xvlv', 80.0000, 160.0000, 280.0000, 400.0000, 500.0000, 0, '2019-08-07', '2019-05-17'),
(5, 'TheFourLeviathanOfTheApocalypse_lsaille', 200.0000, 400.0000, 666.6666, 1000.0000, 1111.1111, 0, '2019-08-07', '2019-05-18'),
(6, 'Aim_Training_Cookie', 100.0000, 180.0000, 250.0000, 325.0000, 0.0000, 0, '2019-08-07', '2019-05-19'),
(8, 'Gigapedes_xvlv', 1.0000, 2.0000, 3.0000, 4.0000, 0.0000, 1, '2019-08-07', '2019-05-19'),
(9, 'FourDigitSkullSplitter_Pritster', 300.0000, 500.0000, 750.0000, 1000.0000, 0.0000, 0, '2019-08-07', '2019-05-19'),
(10, 'Coil_lsaille', 30.0000, 50.0000, 60.0000, 75.0000, 120.0000, 0, '2019-08-07', '2019-05-19'),
(12, 'bigplate_Pritster', 160.0000, 300.0000, 400.0000, 450.0000, 525.0000, 0, '2019-08-07', '2019-05-20'),
(13, 'Panic Stations_Stop', 150.0000, 217.0000, 277.0000, 330.0000, 0.0000, 0, '2019-08-07', '2019-05-22'),
(14, 'Beyblade_Stop', 420.0000, 520.0000, 600.0000, 666.0000, 0.0000, 0, '2019-08-07', '2019-05-22'),
(15, 'V1_Sorath', 60.0000, 120.0000, 250.0000, 500.0000, 900.0000, 0, '2019-08-07', '2019-05-22'),
(16, 'V2_Sorath', 60.0000, 120.0000, 250.0000, 500.0000, 1150.0000, 0, '2019-08-07', '2019-05-22'),
(17, 'infinity_farm_Pritster', 70.0000, 120.0000, 200.0000, 250.0000, 300.0000, 0, '2019-08-07', '2019-05-22'),
(20, 'Intimidate_lsaille', 100.0000, 160.0000, 250.0000, 420.0000, 500.0000, 0, '2019-08-07', '2019-05-24'),
(21, 'Smoke_Cookie', 50.0000, 200.0000, 350.0000, 1000.0000, 1111.0000, 0, '2019-08-07', '2019-05-24'),
(22, 'Kill_Stop', 175.0000, 220.0000, 265.0000, 303.0000, 0.0000, 0, '2019-08-07', '2019-06-03'),
(23, 'PrettyHard_xvlv', 20.0000, 40.0000, 80.0000, 140.0000, 260.0000, 0, '2019-08-07', '2019-07-05'),
(24, 'Planes_of_Existence_v1_Easy_cake', 300.0000, 600.0000, 900.0000, 1200.0000, 1337.1337, 0, '2019-08-07', '2019-07-31'),
(25, 'littleplate_Pritster', 108.0000, 205.0000, 414.0000, 580.0000, 692.0000, 0, '2019-08-07', '2019-08-06');

-- --------------------------------------------------------

--
-- Table structure for table `__efmigrationshistory`
--

CREATE TABLE `__efmigrationshistory` (
  `MigrationId` varchar(95) NOT NULL,
  `ProductVersion` varchar(32) NOT NULL
) ENGINE=InnoDB DEFAULT CHARSET=utf8;

--
-- Dumping data for table `__efmigrationshistory`
--

INSERT INTO `__efmigrationshistory` (`MigrationId`, `ProductVersion`) VALUES
('20190515111757_InitialCreate', '2.1.11-servicing-32099'),
('20190515114318_V2', '2.1.11-servicing-32099'),
('20190515115731_V3', '2.1.11-servicing-32099'),
('20190515135521_V4', '2.1.11-servicing-32099'),
('20190515153423_V5', '2.1.11-servicing-32099'),
('20190516104828_V6', '2.1.11-servicing-32099');

--
-- Indexes for dumped tables
--

--
-- Indexes for table `customentries`
--
ALTER TABLE `customentries`
  ADD PRIMARY KEY (`ID`),
  ADD KEY `IX_CustomEntries_CustomLeaderboardID` (`CustomLeaderboardID`);

--
-- Indexes for table `customleaderboards`
--
ALTER TABLE `customleaderboards`
  ADD PRIMARY KEY (`ID`);

--
-- Indexes for table `__efmigrationshistory`
--
ALTER TABLE `__efmigrationshistory`
  ADD PRIMARY KEY (`MigrationId`);

--
-- AUTO_INCREMENT for dumped tables
--

--
-- AUTO_INCREMENT for table `customentries`
--
ALTER TABLE `customentries`
  MODIFY `ID` int(11) NOT NULL AUTO_INCREMENT, AUTO_INCREMENT=194;

--
-- AUTO_INCREMENT for table `customleaderboards`
--
ALTER TABLE `customleaderboards`
  MODIFY `ID` int(11) NOT NULL AUTO_INCREMENT, AUTO_INCREMENT=26;

--
-- Constraints for dumped tables
--

--
-- Constraints for table `customentries`
--
ALTER TABLE `customentries`
  ADD CONSTRAINT `FK_CustomEntries_CustomLeaderboards_CustomLeaderboardID` FOREIGN KEY (`CustomLeaderboardID`) REFERENCES `customleaderboards` (`ID`) ON DELETE CASCADE;
COMMIT;

/*!40101 SET CHARACTER_SET_CLIENT=@OLD_CHARACTER_SET_CLIENT */;
/*!40101 SET CHARACTER_SET_RESULTS=@OLD_CHARACTER_SET_RESULTS */;
/*!40101 SET COLLATION_CONNECTION=@OLD_COLLATION_CONNECTION */;
