<?xml version="1.0"?>
<doc>
    <assembly>
        <name>DevilDaggersAssetEditor</name>
    </assembly>
    <members>
        <member name="T:DevilDaggersAssetEditor.App">
            <summary>
            App
            </summary>
        </member>
        <member name="M:DevilDaggersAssetEditor.App.LogError(System.String,System.Exception)">
            <summary>
            Logs the error message (and <see cref="T:System.Exception" /> if there is one).
            </summary>
        </member>
        <member name="M:DevilDaggersAssetEditor.App.ShowError(System.String,System.String,System.Exception)">
            <summary>
            Shows the error using the <see cref="T:DevilDaggersAssetEditor.Gui.Windows.ErrorWindow" /> and then calls <see cref="M:DevilDaggersAssetEditor.App.LogError(System.String,System.Exception)" /> to log the error message (and <see cref="T:System.Exception" /> if there is one).
            </summary>
        </member>
        <member name="M:DevilDaggersAssetEditor.App.InitializeComponent">
            <summary>
            InitializeComponent
            </summary>
        </member>
        <member name="M:DevilDaggersAssetEditor.App.Main">
            <summary>
            Application Entry Point.
            </summary>
        </member>
        <member name="M:DevilDaggersAssetEditor.Code.Clients.DevilDaggersInfoApiClient.CustomLeaderboards_GetCustomLeaderboardsAsync(System.Threading.CancellationToken)">
            <param name="cancellationToken">A cancellation token that can be used by other objects or threads to receive notice of cancellation.</param>
            <exception cref="T:DevilDaggersAssetEditor.Code.Clients.DevilDaggersInfoApiException">A server side error occurred.</exception>
        </member>
        <member name="M:DevilDaggersAssetEditor.Code.Clients.DevilDaggersInfoApiClient.CustomLeaderboards_UploadScoreAsync(DevilDaggersAssetEditor.Code.Clients.UploadRequest,System.Threading.CancellationToken)">
            <param name="cancellationToken">A cancellation token that can be used by other objects or threads to receive notice of cancellation.</param>
            <exception cref="T:DevilDaggersAssetEditor.Code.Clients.DevilDaggersInfoApiException">A server side error occurred.</exception>
        </member>
        <member name="M:DevilDaggersAssetEditor.Code.Clients.DevilDaggersInfoApiClient.Daggers_GetDaggersAsync(System.Threading.CancellationToken)">
            <param name="cancellationToken">A cancellation token that can be used by other objects or threads to receive notice of cancellation.</param>
            <exception cref="T:DevilDaggersAssetEditor.Code.Clients.DevilDaggersInfoApiException">A server side error occurred.</exception>
        </member>
        <member name="M:DevilDaggersAssetEditor.Code.Clients.DevilDaggersInfoApiClient.Daggers_GetDaggerAtSecondsAsync(System.Nullable{System.Int32},System.Threading.CancellationToken)">
            <param name="cancellationToken">A cancellation token that can be used by other objects or threads to receive notice of cancellation.</param>
            <exception cref="T:DevilDaggersAssetEditor.Code.Clients.DevilDaggersInfoApiException">A server side error occurred.</exception>
        </member>
        <member name="M:DevilDaggersAssetEditor.Code.Clients.DevilDaggersInfoApiClient.Deaths_GetDeathsAsync(System.Nullable{DevilDaggersAssetEditor.Code.Clients.GameVersion},System.Threading.CancellationToken)">
            <param name="cancellationToken">A cancellation token that can be used by other objects or threads to receive notice of cancellation.</param>
            <exception cref="T:DevilDaggersAssetEditor.Code.Clients.DevilDaggersInfoApiException">A server side error occurred.</exception>
        </member>
        <member name="M:DevilDaggersAssetEditor.Code.Clients.DevilDaggersInfoApiClient.Deaths_GetDeathsByTypeAsync(System.Nullable{System.Int32},System.Nullable{DevilDaggersAssetEditor.Code.Clients.GameVersion},System.Threading.CancellationToken)">
            <param name="cancellationToken">A cancellation token that can be used by other objects or threads to receive notice of cancellation.</param>
            <exception cref="T:DevilDaggersAssetEditor.Code.Clients.DevilDaggersInfoApiException">A server side error occurred.</exception>
        </member>
        <member name="M:DevilDaggersAssetEditor.Code.Clients.DevilDaggersInfoApiClient.Deaths_GetDeathsByNameAsync(System.String,System.Nullable{DevilDaggersAssetEditor.Code.Clients.GameVersion},System.Threading.CancellationToken)">
            <param name="cancellationToken">A cancellation token that can be used by other objects or threads to receive notice of cancellation.</param>
            <exception cref="T:DevilDaggersAssetEditor.Code.Clients.DevilDaggersInfoApiException">A server side error occurred.</exception>
        </member>
        <member name="M:DevilDaggersAssetEditor.Code.Clients.DevilDaggersInfoApiClient.Enemies_GetEnemiesAsync(System.Nullable{DevilDaggersAssetEditor.Code.Clients.GameVersion},System.Threading.CancellationToken)">
            <param name="cancellationToken">A cancellation token that can be used by other objects or threads to receive notice of cancellation.</param>
            <exception cref="T:DevilDaggersAssetEditor.Code.Clients.DevilDaggersInfoApiException">A server side error occurred.</exception>
        </member>
        <member name="M:DevilDaggersAssetEditor.Code.Clients.DevilDaggersInfoApiClient.Enemies_GetEnemiesByNameAsync(System.String,System.Nullable{DevilDaggersAssetEditor.Code.Clients.GameVersion},System.Threading.CancellationToken)">
            <param name="cancellationToken">A cancellation token that can be used by other objects or threads to receive notice of cancellation.</param>
            <exception cref="T:DevilDaggersAssetEditor.Code.Clients.DevilDaggersInfoApiException">A server side error occurred.</exception>
        </member>
        <member name="M:DevilDaggersAssetEditor.Code.Clients.DevilDaggersInfoApiClient.Enemies_GetEnemyBySpawnsetTypeAsync(System.Nullable{System.Byte},System.Nullable{DevilDaggersAssetEditor.Code.Clients.GameVersion},System.Threading.CancellationToken)">
            <param name="cancellationToken">A cancellation token that can be used by other objects or threads to receive notice of cancellation.</param>
            <exception cref="T:DevilDaggersAssetEditor.Code.Clients.DevilDaggersInfoApiException">A server side error occurred.</exception>
        </member>
        <member name="M:DevilDaggersAssetEditor.Code.Clients.DevilDaggersInfoApiClient.GameVersions_GetGameVersionReleaseDateAsync(DevilDaggersAssetEditor.Code.Clients.GameVersion,System.Threading.CancellationToken)">
            <param name="cancellationToken">A cancellation token that can be used by other objects or threads to receive notice of cancellation.</param>
            <exception cref="T:DevilDaggersAssetEditor.Code.Clients.DevilDaggersInfoApiException">A server side error occurred.</exception>
        </member>
        <member name="M:DevilDaggersAssetEditor.Code.Clients.DevilDaggersInfoApiClient.GameVersions_GetGameVersionAtDateAsync(System.Nullable{System.DateTimeOffset},System.Threading.CancellationToken)">
            <param name="cancellationToken">A cancellation token that can be used by other objects or threads to receive notice of cancellation.</param>
            <exception cref="T:DevilDaggersAssetEditor.Code.Clients.DevilDaggersInfoApiException">A server side error occurred.</exception>
        </member>
        <member name="M:DevilDaggersAssetEditor.Code.Clients.DevilDaggersInfoApiClient.LeaderboardHistory_GetUserProgressionByIdAsync(System.Nullable{System.Int32},System.Threading.CancellationToken)">
            <param name="cancellationToken">A cancellation token that can be used by other objects or threads to receive notice of cancellation.</param>
            <exception cref="T:DevilDaggersAssetEditor.Code.Clients.DevilDaggersInfoApiException">A server side error occurred.</exception>
        </member>
        <member name="M:DevilDaggersAssetEditor.Code.Clients.DevilDaggersInfoApiClient.LeaderboardHistory_GetWorldRecordsAsync(System.Nullable{System.DateTimeOffset},System.Threading.CancellationToken)">
            <param name="cancellationToken">A cancellation token that can be used by other objects or threads to receive notice of cancellation.</param>
            <exception cref="T:DevilDaggersAssetEditor.Code.Clients.DevilDaggersInfoApiException">A server side error occurred.</exception>
        </member>
        <member name="M:DevilDaggersAssetEditor.Code.Clients.DevilDaggersInfoApiClient.LeaderboardHistory_GetLatestDatePlayedAsync(System.Nullable{System.Int32},System.Threading.CancellationToken)">
            <param name="cancellationToken">A cancellation token that can be used by other objects or threads to receive notice of cancellation.</param>
            <exception cref="T:DevilDaggersAssetEditor.Code.Clients.DevilDaggersInfoApiException">A server side error occurred.</exception>
        </member>
        <member name="M:DevilDaggersAssetEditor.Code.Clients.DevilDaggersInfoApiClient.LeaderboardHistory_GetUserActivityAsync(System.Nullable{System.Int32},System.Threading.CancellationToken)">
            <param name="cancellationToken">A cancellation token that can be used by other objects or threads to receive notice of cancellation.</param>
            <exception cref="T:DevilDaggersAssetEditor.Code.Clients.DevilDaggersInfoApiException">A server side error occurred.</exception>
        </member>
        <member name="M:DevilDaggersAssetEditor.Code.Clients.DevilDaggersInfoApiClient.Leaderboards_GetLeaderboardAsync(System.Nullable{System.Int32},System.Threading.CancellationToken)">
            <param name="cancellationToken">A cancellation token that can be used by other objects or threads to receive notice of cancellation.</param>
            <exception cref="T:DevilDaggersAssetEditor.Code.Clients.DevilDaggersInfoApiException">A server side error occurred.</exception>
        </member>
        <member name="M:DevilDaggersAssetEditor.Code.Clients.DevilDaggersInfoApiClient.Leaderboards_GetUserByIdAsync(System.Nullable{System.Int32},System.Threading.CancellationToken)">
            <param name="cancellationToken">A cancellation token that can be used by other objects or threads to receive notice of cancellation.</param>
            <exception cref="T:DevilDaggersAssetEditor.Code.Clients.DevilDaggersInfoApiException">A server side error occurred.</exception>
        </member>
        <member name="M:DevilDaggersAssetEditor.Code.Clients.DevilDaggersInfoApiClient.Leaderboards_GetUserByUsernameAsync(System.String,System.Threading.CancellationToken)">
            <param name="cancellationToken">A cancellation token that can be used by other objects or threads to receive notice of cancellation.</param>
            <exception cref="T:DevilDaggersAssetEditor.Code.Clients.DevilDaggersInfoApiException">A server side error occurred.</exception>
        </member>
        <member name="M:DevilDaggersAssetEditor.Code.Clients.DevilDaggersInfoApiClient.Leaderboards_GetUserByRankAsync(System.Nullable{System.Int32},System.Threading.CancellationToken)">
            <param name="cancellationToken">A cancellation token that can be used by other objects or threads to receive notice of cancellation.</param>
            <exception cref="T:DevilDaggersAssetEditor.Code.Clients.DevilDaggersInfoApiException">A server side error occurred.</exception>
        </member>
        <member name="M:DevilDaggersAssetEditor.Code.Clients.DevilDaggersInfoApiClient.Spawnsets_GetSpawnsetsAsync(System.String,System.String,System.Threading.CancellationToken)">
            <param name="cancellationToken">A cancellation token that can be used by other objects or threads to receive notice of cancellation.</param>
            <exception cref="T:DevilDaggersAssetEditor.Code.Clients.DevilDaggersInfoApiException">A server side error occurred.</exception>
        </member>
        <member name="M:DevilDaggersAssetEditor.Code.Clients.DevilDaggersInfoApiClient.Spawnsets_GetSpawnsetFileAsync(System.String,System.Threading.CancellationToken)">
            <param name="cancellationToken">A cancellation token that can be used by other objects or threads to receive notice of cancellation.</param>
            <exception cref="T:DevilDaggersAssetEditor.Code.Clients.DevilDaggersInfoApiException">A server side error occurred.</exception>
        </member>
        <member name="M:DevilDaggersAssetEditor.Code.Clients.DevilDaggersInfoApiClient.Tools_GetToolsAsync(System.String,System.Threading.CancellationToken)">
            <param name="cancellationToken">A cancellation token that can be used by other objects or threads to receive notice of cancellation.</param>
            <exception cref="T:DevilDaggersAssetEditor.Code.Clients.DevilDaggersInfoApiException">A server side error occurred.</exception>
        </member>
        <member name="M:DevilDaggersAssetEditor.Code.Clients.DevilDaggersInfoApiClient.Tools_GetToolFileAsync(System.String,System.Threading.CancellationToken)">
            <param name="cancellationToken">A cancellation token that can be used by other objects or threads to receive notice of cancellation.</param>
            <exception cref="T:DevilDaggersAssetEditor.Code.Clients.DevilDaggersInfoApiException">A server side error occurred.</exception>
        </member>
        <member name="M:DevilDaggersAssetEditor.Code.Clients.DevilDaggersInfoApiClient.Website_GetStatsAsync(System.Threading.CancellationToken)">
            <param name="cancellationToken">A cancellation token that can be used by other objects or threads to receive notice of cancellation.</param>
            <exception cref="T:DevilDaggersAssetEditor.Code.Clients.DevilDaggersInfoApiException">A server side error occurred.</exception>
        </member>
        <member name="P:DevilDaggersAssetEditor.Code.Clients.Leaderboard.DateTime">
            <summary>Represents the UTC date and time when the leaderboard was fetched.</summary>
        </member>
        <member name="P:DevilDaggersAssetEditor.Code.Clients.Tool.VersionNumber">
            <summary>Indicates the current version of the tool on the website.</summary>
        </member>
        <member name="P:DevilDaggersAssetEditor.Code.Clients.Tool.VersionNumberRequired">
            <summary>Indicates the oldest version of the tool which is still fully compatible with the website.</summary>
        </member>
        <member name="T:DevilDaggersAssetEditor.Gui.UserControls.AssetRowControls.AudioAssetRowControl">
            <summary>
            AudioAssetRowControl
            </summary>
        </member>
        <member name="M:DevilDaggersAssetEditor.Gui.UserControls.AssetRowControls.AudioAssetRowControl.InitializeComponent">
            <summary>
            InitializeComponent
            </summary>
        </member>
        <member name="T:DevilDaggersAssetEditor.Gui.UserControls.AssetRowControls.ModelAssetRowControl">
            <summary>
            ModelAssetRowControl
            </summary>
        </member>
        <member name="M:DevilDaggersAssetEditor.Gui.UserControls.AssetRowControls.ModelAssetRowControl.InitializeComponent">
            <summary>
            InitializeComponent
            </summary>
        </member>
        <member name="T:DevilDaggersAssetEditor.Gui.UserControls.AssetRowControls.ModelBindingAssetRowControl">
            <summary>
            ModelBindingAssetRowControl
            </summary>
        </member>
        <member name="M:DevilDaggersAssetEditor.Gui.UserControls.AssetRowControls.ModelBindingAssetRowControl.InitializeComponent">
            <summary>
            InitializeComponent
            </summary>
        </member>
        <member name="T:DevilDaggersAssetEditor.Gui.UserControls.AssetRowControls.ParticleAssetRowControl">
            <summary>
            ParticleAssetRowControl
            </summary>
        </member>
        <member name="M:DevilDaggersAssetEditor.Gui.UserControls.AssetRowControls.ParticleAssetRowControl.InitializeComponent">
            <summary>
            InitializeComponent
            </summary>
        </member>
        <member name="T:DevilDaggersAssetEditor.Gui.UserControls.AssetRowControls.ShaderAssetRowControl">
            <summary>
            ShaderAssetRowControl
            </summary>
        </member>
        <member name="M:DevilDaggersAssetEditor.Gui.UserControls.AssetRowControls.ShaderAssetRowControl.InitializeComponent">
            <summary>
            InitializeComponent
            </summary>
        </member>
        <member name="T:DevilDaggersAssetEditor.Gui.UserControls.AssetRowControls.TextureAssetRowControl">
            <summary>
            TextureAssetRowControl
            </summary>
        </member>
        <member name="M:DevilDaggersAssetEditor.Gui.UserControls.AssetRowControls.TextureAssetRowControl.InitializeComponent">
            <summary>
            InitializeComponent
            </summary>
        </member>
        <member name="T:DevilDaggersAssetEditor.Gui.UserControls.AssetTabControls.AudioAssetTabControl">
            <summary>
            AudioAssetTabControl
            </summary>
        </member>
        <member name="M:DevilDaggersAssetEditor.Gui.UserControls.AssetTabControls.AudioAssetTabControl.InitializeComponent">
            <summary>
            InitializeComponent
            </summary>
        </member>
        <member name="T:DevilDaggersAssetEditor.Gui.UserControls.AssetTabControls.ModelBindingsAssetTabControl">
            <summary>
            ModelBindingsAssetTabControl
            </summary>
        </member>
        <member name="M:DevilDaggersAssetEditor.Gui.UserControls.AssetTabControls.ModelBindingsAssetTabControl.InitializeComponent">
            <summary>
            InitializeComponent
            </summary>
        </member>
        <member name="T:DevilDaggersAssetEditor.Gui.UserControls.AssetTabControls.ModelsAssetTabControl">
            <summary>
            ModelsAssetTabControl
            </summary>
        </member>
        <member name="M:DevilDaggersAssetEditor.Gui.UserControls.AssetTabControls.ModelsAssetTabControl.InitializeComponent">
            <summary>
            InitializeComponent
            </summary>
        </member>
        <member name="T:DevilDaggersAssetEditor.Gui.UserControls.AssetTabControls.ParticlesAssetTabControl">
            <summary>
            ParticlesAssetTabControl
            </summary>
        </member>
        <member name="M:DevilDaggersAssetEditor.Gui.UserControls.AssetTabControls.ParticlesAssetTabControl.InitializeComponent">
            <summary>
            InitializeComponent
            </summary>
        </member>
        <member name="T:DevilDaggersAssetEditor.Gui.UserControls.AssetTabControls.ShadersAssetTabControl">
            <summary>
            ShadersAssetTabControl
            </summary>
        </member>
        <member name="M:DevilDaggersAssetEditor.Gui.UserControls.AssetTabControls.ShadersAssetTabControl.InitializeComponent">
            <summary>
            InitializeComponent
            </summary>
        </member>
        <member name="T:DevilDaggersAssetEditor.Gui.UserControls.AssetTabControls.TexturesAssetTabControl">
            <summary>
            TexturesAssetTabControl
            </summary>
        </member>
        <member name="M:DevilDaggersAssetEditor.Gui.UserControls.AssetTabControls.TexturesAssetTabControl.InitializeComponent">
            <summary>
            InitializeComponent
            </summary>
        </member>
        <member name="T:DevilDaggersAssetEditor.Gui.UserControls.MenuBarUserControl">
            <summary>
            MenuBarUserControl
            </summary>
        </member>
        <member name="M:DevilDaggersAssetEditor.Gui.UserControls.MenuBarUserControl.InitializeComponent">
            <summary>
            InitializeComponent
            </summary>
        </member>
        <member name="T:DevilDaggersAssetEditor.Gui.UserControls.PreviewerControls.AudioPreviewerControl">
            <summary>
            AudioPreviewerControl
            </summary>
        </member>
        <member name="M:DevilDaggersAssetEditor.Gui.UserControls.PreviewerControls.AudioPreviewerControl.InitializeComponent">
            <summary>
            InitializeComponent
            </summary>
        </member>
        <member name="T:DevilDaggersAssetEditor.Gui.UserControls.PreviewerControls.ModelBindingPreviewerControl">
            <summary>
            ModelBindingPreviewerControl
            </summary>
        </member>
        <member name="M:DevilDaggersAssetEditor.Gui.UserControls.PreviewerControls.ModelBindingPreviewerControl.InitializeComponent">
            <summary>
            InitializeComponent
            </summary>
        </member>
        <member name="T:DevilDaggersAssetEditor.Gui.UserControls.PreviewerControls.ModelPreviewerControl">
            <summary>
            ModelPreviewerControl
            </summary>
        </member>
        <member name="M:DevilDaggersAssetEditor.Gui.UserControls.PreviewerControls.ModelPreviewerControl.InitializeComponent">
            <summary>
            InitializeComponent
            </summary>
        </member>
        <member name="T:DevilDaggersAssetEditor.Gui.UserControls.PreviewerControls.ParticlePreviewerControl">
            <summary>
            ParticlePreviewerControl
            </summary>
        </member>
        <member name="M:DevilDaggersAssetEditor.Gui.UserControls.PreviewerControls.ParticlePreviewerControl.InitializeComponent">
            <summary>
            InitializeComponent
            </summary>
        </member>
        <member name="T:DevilDaggersAssetEditor.Gui.UserControls.PreviewerControls.ShaderPreviewerControl">
            <summary>
            ShaderPreviewerControl
            </summary>
        </member>
        <member name="M:DevilDaggersAssetEditor.Gui.UserControls.PreviewerControls.ShaderPreviewerControl.InitializeComponent">
            <summary>
            InitializeComponent
            </summary>
        </member>
        <member name="T:DevilDaggersAssetEditor.Gui.UserControls.PreviewerControls.TexturePreviewerControl">
            <summary>
            TexturePreviewerControl
            </summary>
        </member>
        <member name="M:DevilDaggersAssetEditor.Gui.UserControls.PreviewerControls.TexturePreviewerControl.InitializeComponent">
            <summary>
            InitializeComponent
            </summary>
        </member>
        <member name="T:DevilDaggersAssetEditor.Gui.Windows.AboutWindow">
            <summary>
            AboutWindow
            </summary>
        </member>
        <member name="M:DevilDaggersAssetEditor.Gui.Windows.AboutWindow.InitializeComponent">
            <summary>
            InitializeComponent
            </summary>
        </member>
        <member name="T:DevilDaggersAssetEditor.Gui.Windows.BinaryFileAnalyzerWindow">
            <summary>
            BinaryFileAnalyzerWindow
            </summary>
        </member>
        <member name="M:DevilDaggersAssetEditor.Gui.Windows.BinaryFileAnalyzerWindow.InitializeComponent">
            <summary>
            InitializeComponent
            </summary>
        </member>
        <member name="T:DevilDaggersAssetEditor.Gui.Windows.ChangelogWindow">
            <summary>
            ChangelogWindow
            </summary>
        </member>
        <member name="M:DevilDaggersAssetEditor.Gui.Windows.ChangelogWindow.InitializeComponent">
            <summary>
            InitializeComponent
            </summary>
        </member>
        <member name="T:DevilDaggersAssetEditor.Gui.Windows.CheckingForUpdatesWindow">
            <summary>
            CheckingForUpdatesWindow
            </summary>
        </member>
        <member name="M:DevilDaggersAssetEditor.Gui.Windows.CheckingForUpdatesWindow.InitializeComponent">
            <summary>
            InitializeComponent
            </summary>
        </member>
        <member name="T:DevilDaggersAssetEditor.Gui.Windows.ErrorWindow">
            <summary>
            ErrorWindow
            </summary>
        </member>
        <member name="M:DevilDaggersAssetEditor.Gui.Windows.ErrorWindow.InitializeComponent">
            <summary>
            InitializeComponent
            </summary>
        </member>
        <member name="T:DevilDaggersAssetEditor.Gui.Windows.HelpWindow">
            <summary>
            HelpWindow
            </summary>
        </member>
        <member name="M:DevilDaggersAssetEditor.Gui.Windows.HelpWindow.InitializeComponent">
            <summary>
            InitializeComponent
            </summary>
        </member>
        <member name="T:DevilDaggersAssetEditor.Gui.Windows.LoadingWindow">
            <summary>
            LoadingWindow
            </summary>
        </member>
        <member name="M:DevilDaggersAssetEditor.Gui.Windows.LoadingWindow.InitializeComponent">
            <summary>
            InitializeComponent
            </summary>
        </member>
        <member name="T:DevilDaggersAssetEditor.Gui.Windows.MainWindow">
            <summary>
            MainWindow
            </summary>
        </member>
        <member name="M:DevilDaggersAssetEditor.Gui.Windows.MainWindow.InitializeComponent">
            <summary>
            InitializeComponent
            </summary>
        </member>
        <member name="T:DevilDaggersAssetEditor.Gui.Windows.MessageWindow">
            <summary>
            MessageWindow
            </summary>
        </member>
        <member name="M:DevilDaggersAssetEditor.Gui.Windows.MessageWindow.InitializeComponent">
            <summary>
            InitializeComponent
            </summary>
        </member>
        <member name="T:DevilDaggersAssetEditor.Gui.Windows.ProgressWindow">
            <summary>
            ProgressWindow
            </summary>
        </member>
        <member name="M:DevilDaggersAssetEditor.Gui.Windows.ProgressWindow.InitializeComponent">
            <summary>
            InitializeComponent
            </summary>
        </member>
        <member name="T:DevilDaggersAssetEditor.Gui.Windows.SettingsWindow">
            <summary>
            SettingsWindow
            </summary>
        </member>
        <member name="M:DevilDaggersAssetEditor.Gui.Windows.SettingsWindow.InitializeComponent">
            <summary>
            InitializeComponent
            </summary>
        </member>
        <member name="T:DevilDaggersAssetEditor.Gui.Windows.UpdateRecommendedWindow">
            <summary>
            UpdateRecommendedWindow
            </summary>
        </member>
        <member name="M:DevilDaggersAssetEditor.Gui.Windows.UpdateRecommendedWindow.InitializeComponent">
            <summary>
            InitializeComponent
            </summary>
        </member>
        <member name="T:DevilDaggersAssetEditor.Properties.Resources">
            <summary>
              A strongly-typed resource class, for looking up localized strings, etc.
            </summary>
        </member>
        <member name="P:DevilDaggersAssetEditor.Properties.Resources.ResourceManager">
            <summary>
              Returns the cached ResourceManager instance used by this class.
            </summary>
        </member>
        <member name="P:DevilDaggersAssetEditor.Properties.Resources.Culture">
            <summary>
              Overrides the current thread's CurrentUICulture property for all
              resource lookups using this strongly typed resource class.
            </summary>
        </member>
    </members>
</doc>
