<?xml version="1.0"?>
<doc>
    <assembly>
        <name>DevilDaggersCustomLeaderboards</name>
    </assembly>
    <members>
        <member name="M:DevilDaggersCustomLeaderboards.Clients.DevilDaggersInfoApiClient.CustomLeaderboards_GetCustomLeaderboardsAsync(System.Threading.CancellationToken)">
            <param name="cancellationToken">A cancellation token that can be used by other objects or threads to receive notice of cancellation.</param>
            <exception cref="T:DevilDaggersCustomLeaderboards.Clients.DevilDaggersInfoApiException">A server side error occurred.</exception>
        </member>
        <member name="M:DevilDaggersCustomLeaderboards.Clients.DevilDaggersInfoApiClient.CustomLeaderboards_UploadScoreAsync(DevilDaggersCustomLeaderboards.Clients.UploadRequest,System.Threading.CancellationToken)">
            <param name="cancellationToken">A cancellation token that can be used by other objects or threads to receive notice of cancellation.</param>
            <exception cref="T:DevilDaggersCustomLeaderboards.Clients.DevilDaggersInfoApiException">A server side error occurred.</exception>
        </member>
        <member name="M:DevilDaggersCustomLeaderboards.Clients.DevilDaggersInfoApiClient.Daggers_GetDaggersAsync(System.Threading.CancellationToken)">
            <param name="cancellationToken">A cancellation token that can be used by other objects or threads to receive notice of cancellation.</param>
            <exception cref="T:DevilDaggersCustomLeaderboards.Clients.DevilDaggersInfoApiException">A server side error occurred.</exception>
        </member>
        <member name="M:DevilDaggersCustomLeaderboards.Clients.DevilDaggersInfoApiClient.Daggers_GetDaggerAtSecondsAsync(System.Nullable{System.Int32},System.Threading.CancellationToken)">
            <param name="cancellationToken">A cancellation token that can be used by other objects or threads to receive notice of cancellation.</param>
            <exception cref="T:DevilDaggersCustomLeaderboards.Clients.DevilDaggersInfoApiException">A server side error occurred.</exception>
        </member>
        <member name="M:DevilDaggersCustomLeaderboards.Clients.DevilDaggersInfoApiClient.Deaths_GetDeathsAsync(System.Nullable{DevilDaggersCustomLeaderboards.Clients.GameVersion},System.String,System.Nullable{System.Byte},System.Threading.CancellationToken)">
            <param name="cancellationToken">A cancellation token that can be used by other objects or threads to receive notice of cancellation.</param>
            <exception cref="T:DevilDaggersCustomLeaderboards.Clients.DevilDaggersInfoApiException">A server side error occurred.</exception>
        </member>
        <member name="M:DevilDaggersCustomLeaderboards.Clients.DevilDaggersInfoApiClient.Enemies_GetEnemiesAsync(System.Nullable{DevilDaggersCustomLeaderboards.Clients.GameVersion},System.String,System.Nullable{System.Byte},System.Threading.CancellationToken)">
            <param name="cancellationToken">A cancellation token that can be used by other objects or threads to receive notice of cancellation.</param>
            <exception cref="T:DevilDaggersCustomLeaderboards.Clients.DevilDaggersInfoApiException">A server side error occurred.</exception>
        </member>
        <member name="M:DevilDaggersCustomLeaderboards.Clients.DevilDaggersInfoApiClient.GameVersions_GetGameVersionReleaseDateAsync(DevilDaggersCustomLeaderboards.Clients.GameVersion,System.Threading.CancellationToken)">
            <param name="cancellationToken">A cancellation token that can be used by other objects or threads to receive notice of cancellation.</param>
            <exception cref="T:DevilDaggersCustomLeaderboards.Clients.DevilDaggersInfoApiException">A server side error occurred.</exception>
        </member>
        <member name="M:DevilDaggersCustomLeaderboards.Clients.DevilDaggersInfoApiClient.GameVersions_GetGameVersionAtDateAsync(System.Nullable{System.DateTimeOffset},System.Threading.CancellationToken)">
            <param name="cancellationToken">A cancellation token that can be used by other objects or threads to receive notice of cancellation.</param>
            <exception cref="T:DevilDaggersCustomLeaderboards.Clients.DevilDaggersInfoApiException">A server side error occurred.</exception>
        </member>
        <member name="M:DevilDaggersCustomLeaderboards.Clients.DevilDaggersInfoApiClient.LeaderboardHistory_GetUserProgressionByIdAsync(System.Nullable{System.Int32},System.Threading.CancellationToken)">
            <param name="cancellationToken">A cancellation token that can be used by other objects or threads to receive notice of cancellation.</param>
            <exception cref="T:DevilDaggersCustomLeaderboards.Clients.DevilDaggersInfoApiException">A server side error occurred.</exception>
        </member>
        <member name="M:DevilDaggersCustomLeaderboards.Clients.DevilDaggersInfoApiClient.LeaderboardHistory_GetWorldRecordsAsync(System.Nullable{System.DateTimeOffset},System.Threading.CancellationToken)">
            <param name="cancellationToken">A cancellation token that can be used by other objects or threads to receive notice of cancellation.</param>
            <exception cref="T:DevilDaggersCustomLeaderboards.Clients.DevilDaggersInfoApiException">A server side error occurred.</exception>
        </member>
        <member name="M:DevilDaggersCustomLeaderboards.Clients.DevilDaggersInfoApiClient.LeaderboardHistory_GetLatestDatePlayedAsync(System.Nullable{System.Int32},System.Threading.CancellationToken)">
            <param name="cancellationToken">A cancellation token that can be used by other objects or threads to receive notice of cancellation.</param>
            <exception cref="T:DevilDaggersCustomLeaderboards.Clients.DevilDaggersInfoApiException">A server side error occurred.</exception>
        </member>
        <member name="M:DevilDaggersCustomLeaderboards.Clients.DevilDaggersInfoApiClient.LeaderboardHistory_GetUserActivityAsync(System.Nullable{System.Int32},System.Threading.CancellationToken)">
            <param name="cancellationToken">A cancellation token that can be used by other objects or threads to receive notice of cancellation.</param>
            <exception cref="T:DevilDaggersCustomLeaderboards.Clients.DevilDaggersInfoApiException">A server side error occurred.</exception>
        </member>
        <member name="M:DevilDaggersCustomLeaderboards.Clients.DevilDaggersInfoApiClient.Leaderboards_GetLeaderboardAsync(System.Nullable{System.Int32},System.Threading.CancellationToken)">
            <param name="cancellationToken">A cancellation token that can be used by other objects or threads to receive notice of cancellation.</param>
            <exception cref="T:DevilDaggersCustomLeaderboards.Clients.DevilDaggersInfoApiException">A server side error occurred.</exception>
        </member>
        <member name="M:DevilDaggersCustomLeaderboards.Clients.DevilDaggersInfoApiClient.Leaderboards_GetUserByIdAsync(System.Nullable{System.Int32},System.Threading.CancellationToken)">
            <param name="cancellationToken">A cancellation token that can be used by other objects or threads to receive notice of cancellation.</param>
            <exception cref="T:DevilDaggersCustomLeaderboards.Clients.DevilDaggersInfoApiException">A server side error occurred.</exception>
        </member>
        <member name="M:DevilDaggersCustomLeaderboards.Clients.DevilDaggersInfoApiClient.Leaderboards_GetUserByUsernameAsync(System.String,System.Threading.CancellationToken)">
            <param name="cancellationToken">A cancellation token that can be used by other objects or threads to receive notice of cancellation.</param>
            <exception cref="T:DevilDaggersCustomLeaderboards.Clients.DevilDaggersInfoApiException">A server side error occurred.</exception>
        </member>
        <member name="M:DevilDaggersCustomLeaderboards.Clients.DevilDaggersInfoApiClient.Leaderboards_GetUserByRankAsync(System.Nullable{System.Int32},System.Threading.CancellationToken)">
            <param name="cancellationToken">A cancellation token that can be used by other objects or threads to receive notice of cancellation.</param>
            <exception cref="T:DevilDaggersCustomLeaderboards.Clients.DevilDaggersInfoApiException">A server side error occurred.</exception>
        </member>
        <member name="M:DevilDaggersCustomLeaderboards.Clients.DevilDaggersInfoApiClient.Spawnsets_GetSpawnsetsAsync(System.String,System.String,System.Threading.CancellationToken)">
            <param name="cancellationToken">A cancellation token that can be used by other objects or threads to receive notice of cancellation.</param>
            <exception cref="T:DevilDaggersCustomLeaderboards.Clients.DevilDaggersInfoApiException">A server side error occurred.</exception>
        </member>
        <member name="M:DevilDaggersCustomLeaderboards.Clients.DevilDaggersInfoApiClient.Spawnsets_GetSpawnsetFileAsync(System.String,System.Threading.CancellationToken)">
            <param name="cancellationToken">A cancellation token that can be used by other objects or threads to receive notice of cancellation.</param>
            <exception cref="T:DevilDaggersCustomLeaderboards.Clients.DevilDaggersInfoApiException">A server side error occurred.</exception>
        </member>
        <member name="M:DevilDaggersCustomLeaderboards.Clients.DevilDaggersInfoApiClient.Tools_GetToolsAsync(System.String,System.Threading.CancellationToken)">
            <param name="cancellationToken">A cancellation token that can be used by other objects or threads to receive notice of cancellation.</param>
            <exception cref="T:DevilDaggersCustomLeaderboards.Clients.DevilDaggersInfoApiException">A server side error occurred.</exception>
        </member>
        <member name="M:DevilDaggersCustomLeaderboards.Clients.DevilDaggersInfoApiClient.Tools_GetToolFileAsync(System.String,System.Threading.CancellationToken)">
            <param name="cancellationToken">A cancellation token that can be used by other objects or threads to receive notice of cancellation.</param>
            <exception cref="T:DevilDaggersCustomLeaderboards.Clients.DevilDaggersInfoApiException">A server side error occurred.</exception>
        </member>
        <member name="M:DevilDaggersCustomLeaderboards.Clients.DevilDaggersInfoApiClient.Website_GetStatsAsync(System.Threading.CancellationToken)">
            <param name="cancellationToken">A cancellation token that can be used by other objects or threads to receive notice of cancellation.</param>
            <exception cref="T:DevilDaggersCustomLeaderboards.Clients.DevilDaggersInfoApiException">A server side error occurred.</exception>
        </member>
        <member name="P:DevilDaggersCustomLeaderboards.Clients.Leaderboard.DateTime">
            <summary>Represents the UTC date and time when the leaderboard was fetched.</summary>
        </member>
        <member name="P:DevilDaggersCustomLeaderboards.Clients.Tool.VersionNumber">
            <summary>Indicates the current version of the tool on the website.</summary>
        </member>
        <member name="P:DevilDaggersCustomLeaderboards.Clients.Tool.VersionNumberRequired">
            <summary>Indicates the oldest version of the tool which is still fully compatible with the website.</summary>
        </member>
        <member name="T:DevilDaggersCustomLeaderboards.Gui.ConsoleUtils">
            <summary>
            Special Write methods are used to output to the console, as clearing the console after every update makes everything flicker which is ugly.
            So instead of clearing the console using Console.Clear(), we just reset the cursor to the top-left, and then overwrite everything from the previous update using the special Write methods.
            </summary>
        </member>
        <member name="M:DevilDaggersCustomLeaderboards.Memory.Scanner.PreScan">
            <summary>
            Used to set previous values for every <see cref="T:DevilDaggersCustomLeaderboards.Memory.Variables.AbstractVariable`1"/>. Must use the same order and logic as the <see cref="M:DevilDaggersCustomLeaderboards.Memory.Scanner.Scan"/> method.
            </summary>
        </member>
        <member name="M:DevilDaggersCustomLeaderboards.Memory.Variables.AbstractVariable`1.Scan">
             <summary>
             Gets the bytes for this <see cref="T:DevilDaggersCustomLeaderboards.Memory.Variables.AbstractVariable`1"/>.
            
             <see cref="P:System.Diagnostics.ProcessModule.BaseAddress"/> is where the process has its memory start point.
             <see cref="P:DevilDaggersCustomLeaderboards.Memory.Variables.AbstractVariable`1.LocalBaseAddress"/> bytes ahead of the process base address brings us to 4 bytes (for a 32-bit application), which contain a memory address.
            
             Use that memory address and add the <see cref="P:DevilDaggersCustomLeaderboards.Memory.Variables.AbstractVariable`1.Offset"/> to it to get to the bytes that contain the actual value.
             Note that in the second read the process's base address is not needed.
             </summary>
        </member>
    </members>
</doc>
